adam,10,100,2,0.6969696879386902
adam,10,100,4,0.7272727489471436
adam,10,100,6,0.75
adam,10,100,8,0.6969696879386902
adam,10,100,10,0.7348484992980957
adam,10,100,12,0.75
adam,10,100,14,0.7196969985961914
adam,10,200,2,0.6742424368858337
adam,10,200,4,0.7575757503509521
adam,10,200,6,0.7272727489471436
adam,10,200,8,0.7196969985961914
adam,10,200,10,0.7121211886405945
adam,10,200,12,0.7651515007019043
adam,10,200,14,0.7045454382896423
adam,10,300,2,0.5984848737716675
adam,10,300,4,0.7272727489471436
adam,10,300,6,0.7045454382896423
adam,10,300,8,0.689393937587738
adam,10,300,10,0.7045454382896423
adam,10,300,12,0.7045454382896423
adam,10,300,14,0.7196969985961914
adam,10,400,2,0.7727272510528564
adam,10,400,4,0.6818181872367859
adam,10,400,6,0.7272727489471436
adam,10,400,8,0.7045454382896423
adam,10,400,10,0.6969696879386902
adam,10,400,12,0.7121211886405945
adam,10,400,14,0.7121211886405945
adam,10,500,2,0.6969696879386902
adam,10,500,4,0.7424242496490479
adam,10,500,6,0.7727272510528564
adam,10,500,8,0.689393937587738
adam,10,500,10,0.7196969985961914
adam,10,500,12,0.7121211886405945
adam,10,500,14,0.7121211886405945
adam,10,600,2,0.7121211886405945
adam,10,600,4,0.7803030014038086
adam,10,600,6,0.7045454382896423
adam,10,600,8,0.7272727489471436
adam,10,600,10,0.7045454382896423
adam,10,600,12,0.7121211886405945
adam,10,600,14,0.7045454382896423
adam,10,700,2,0.6515151262283325
adam,10,700,4,0.6666666865348816
adam,10,700,6,0.75
adam,10,700,8,0.7045454382896423
adam,10,700,10,0.7196969985961914
adam,10,700,12,0.6969696879386902
adam,10,700,14,0.689393937587738
adam,10,800,2,0.6515151262283325
adam,10,800,4,0.7121211886405945
adam,10,800,6,0.75
adam,10,800,8,0.6742424368858337
adam,10,800,10,0.7121211886405945
adam,10,800,12,0.7272727489471436
adam,10,800,14,0.7348484992980957
adam,10,900,2,0.6969696879386902
adam,10,900,4,0.6742424368858337
adam,10,900,6,0.6666666865348816
adam,10,900,8,0.7727272510528564
adam,10,900,10,0.6969696879386902
adam,10,900,12,0.7424242496490479
adam,10,900,14,0.7121211886405945
adam,20,100,2,0.7196969985961914
adam,20,100,4,0.7348484992980957
adam,20,100,6,0.8181818127632141
adam,20,100,8,0.7727272510528564
adam,20,100,10,0.7878788113594055
adam,20,100,12,0.8030303120613098
adam,20,100,14,0.7954545617103577
adam,20,200,2,0.7121211886405945
adam,20,200,4,0.7803030014038086
adam,20,200,6,0.7348484992980957
adam,20,200,8,0.810606062412262
adam,20,200,10,0.75
adam,20,200,12,0.7575757503509521
adam,20,200,14,0.75
adam,20,300,2,0.7196969985961914
adam,20,300,4,0.7424242496490479
adam,20,300,6,0.7651515007019043
adam,20,300,8,0.75
adam,20,300,10,0.7803030014038086
adam,20,300,12,0.7803030014038086
adam,20,300,14,0.7803030014038086
adam,20,400,2,0.7121211886405945
adam,20,400,4,0.7803030014038086
adam,20,400,6,0.7727272510528564
adam,20,400,8,0.75
adam,20,400,10,0.7575757503509521
adam,20,400,12,0.7727272510528564
adam,20,400,14,0.7878788113594055
adam,20,500,2,0.7045454382896423
adam,20,500,4,0.7121211886405945
adam,20,500,6,0.7196969985961914
adam,20,500,8,0.7651515007019043
adam,20,500,10,0.7575757503509521
adam,20,500,12,0.7727272510528564
adam,20,500,14,0.7575757503509521
adam,20,600,2,0.7121211886405945
adam,20,600,4,0.7272727489471436
adam,20,600,6,0.7424242496490479
adam,20,600,8,0.7348484992980957
adam,20,600,10,0.75
adam,20,600,12,0.7651515007019043
adam,20,600,14,0.75
adam,20,700,2,0.7196969985961914
adam,20,700,4,0.8030303120613098
adam,20,700,6,0.8181818127632141
adam,20,700,8,0.7196969985961914
adam,20,700,10,0.75
adam,20,700,12,0.7803030014038086
adam,20,700,14,0.7803030014038086
adam,20,800,2,0.7045454382896423
adam,20,800,4,0.7045454382896423
adam,20,800,6,0.7575757503509521
adam,20,800,8,0.7348484992980957
adam,20,800,10,0.75
adam,20,800,12,0.7424242496490479
adam,20,800,14,0.7575757503509521
adam,20,900,2,0.7348484992980957
adam,20,900,4,0.7348484992980957
adam,20,900,6,0.7575757503509521
adam,20,900,8,0.7575757503509521
adam,20,900,10,0.7424242496490479
adam,20,900,12,0.7575757503509521
adam,20,900,14,0.7651515007019043
adam,30,100,2,0.8333333134651184
adam,30,100,4,0.7651515007019043
adam,30,100,6,0.7727272510528564
adam,30,100,8,0.8636363744735718
adam,30,100,10,0.8409090638160706
adam,30,100,12,0.8484848737716675
adam,30,100,14,0.8409090638160706
adam,30,200,2,0.7727272510528564
adam,30,200,4,0.7424242496490479
adam,30,200,6,0.7651515007019043
adam,30,200,8,0.8030303120613098
adam,30,200,10,0.8030303120613098
adam,30,200,12,0.8257575631141663
adam,30,200,14,0.8181818127632141
adam,30,300,2,0.7045454382896423
adam,30,300,4,0.75
adam,30,300,6,0.7727272510528564
adam,30,300,8,0.7954545617103577
adam,30,300,10,0.8181818127632141
adam,30,300,12,0.8181818127632141
adam,30,300,14,0.8409090638160706
adam,30,400,2,0.689393937587738
adam,30,400,4,0.7803030014038086
adam,30,400,6,0.7651515007019043
adam,30,400,8,0.8030303120613098
adam,30,400,10,0.7803030014038086
adam,30,400,12,0.8181818127632141
adam,30,400,14,0.8333333134651184
adam,30,500,2,0.7575757503509521
adam,30,500,4,0.7575757503509521
adam,30,500,6,0.7575757503509521
adam,30,500,8,0.7575757503509521
adam,30,500,10,0.810606062412262
adam,30,500,12,0.8030303120613098
adam,30,500,14,0.8333333134651184
adam,30,600,2,0.7045454382896423
adam,30,600,4,0.7878788113594055
adam,30,600,6,0.7651515007019043
adam,30,600,8,0.7803030014038086
adam,30,600,10,0.8030303120613098
adam,30,600,12,0.810606062412262
adam,30,600,14,0.8257575631141663
adam,30,700,2,0.75
adam,30,700,4,0.7878788113594055
adam,30,700,6,0.7651515007019043
adam,30,700,8,0.7803030014038086
adam,30,700,10,0.8181818127632141
adam,30,700,12,0.8181818127632141
adam,30,700,14,0.8181818127632141
adam,30,800,2,0.7348484992980957
adam,30,800,4,0.7196969985961914
adam,30,800,6,0.7575757503509521
adam,30,800,8,0.7803030014038086
adam,30,800,10,0.7954545617103577
adam,30,800,12,0.7878788113594055
adam,30,800,14,0.8257575631141663
adam,30,900,2,0.7803030014038086
adam,30,900,4,0.7348484992980957
adam,30,900,6,0.7727272510528564
adam,30,900,8,0.7727272510528564
adam,30,900,10,0.8181818127632141
adam,30,900,12,0.8257575631141663
adam,30,900,14,0.8257575631141663
adam,40,100,2,0.8030303120613098
adam,40,100,4,0.8181818127632141
adam,40,100,6,0.8712121248245239
adam,40,100,8,0.8787878751754761
adam,40,100,10,0.8636363744735718
adam,40,100,12,0.9015151262283325
adam,40,100,14,0.8863636255264282
adam,40,200,2,0.7575757503509521
adam,40,200,4,0.7954545617103577
adam,40,200,6,0.7803030014038086
adam,40,200,8,0.8181818127632141
adam,40,200,10,0.8409090638160706
adam,40,200,12,0.8409090638160706
adam,40,200,14,0.8484848737716675
adam,40,300,2,0.7727272510528564
adam,40,300,4,0.7424242496490479
adam,40,300,6,0.7878788113594055
adam,40,300,8,0.810606062412262
adam,40,300,10,0.8409090638160706
adam,40,300,12,0.8409090638160706
adam,40,300,14,0.8560606241226196
adam,40,400,2,0.7651515007019043
adam,40,400,4,0.810606062412262
adam,40,400,6,0.7878788113594055
adam,40,400,8,0.8333333134651184
adam,40,400,10,0.8484848737716675
adam,40,400,12,0.8560606241226196
adam,40,400,14,0.8409090638160706
adam,40,500,2,0.7348484992980957
adam,40,500,4,0.7651515007019043
adam,40,500,6,0.8030303120613098
adam,40,500,8,0.8030303120613098
adam,40,500,10,0.8484848737716675
adam,40,500,12,0.8484848737716675
adam,40,500,14,0.8484848737716675
adam,40,600,2,0.7803030014038086
adam,40,600,4,0.810606062412262
adam,40,600,6,0.7878788113594055
adam,40,600,8,0.8181818127632141
adam,40,600,10,0.8257575631141663
adam,40,600,12,0.8333333134651184
adam,40,600,14,0.8409090638160706
adam,40,700,2,0.7878788113594055
adam,40,700,4,0.7727272510528564
adam,40,700,6,0.7878788113594055
adam,40,700,8,0.8257575631141663
adam,40,700,10,0.8560606241226196
adam,40,700,12,0.8560606241226196
adam,40,700,14,0.8484848737716675
adam,40,800,2,0.7651515007019043
adam,40,800,4,0.7727272510528564
adam,40,800,6,0.8030303120613098
adam,40,800,8,0.810606062412262
adam,40,800,10,0.8409090638160706
adam,40,800,12,0.8484848737716675
adam,40,800,14,0.8560606241226196
adam,40,900,2,0.7878788113594055
adam,40,900,4,0.7727272510528564
adam,40,900,6,0.810606062412262
adam,40,900,8,0.8257575631141663
adam,40,900,10,0.8257575631141663
adam,40,900,12,0.8409090638160706
adam,40,900,14,0.8560606241226196
adam,50,100,2,0.7803030014038086
adam,50,100,4,0.8181818127632141
adam,50,100,6,0.8712121248245239
adam,50,100,8,0.9090909361839294
adam,50,100,10,0.9166666865348816
adam,50,100,12,0.9696969985961914
adam,50,100,14,0.9621211886405945
adam,50,200,2,0.7424242496490479
adam,50,200,4,0.7954545617103577
adam,50,200,6,0.8333333134651184
adam,50,200,8,0.8560606241226196
adam,50,200,10,0.8409090638160706
adam,50,200,12,0.8863636255264282
adam,50,200,14,0.9242424368858337
adam,50,300,2,0.7272727489471436
adam,50,300,4,0.8333333134651184
adam,50,300,6,0.8333333134651184
adam,50,300,8,0.8712121248245239
adam,50,300,10,0.8409090638160706
adam,50,300,12,0.8636363744735718
adam,50,300,14,0.8636363744735718
adam,50,400,2,0.7651515007019043
adam,50,400,4,0.8030303120613098
adam,50,400,6,0.8409090638160706
adam,50,400,8,0.8712121248245239
adam,50,400,10,0.8560606241226196
adam,50,400,12,0.8712121248245239
adam,50,400,14,0.9166666865348816
adam,50,500,2,0.8181818127632141
adam,50,500,4,0.7803030014038086
adam,50,500,6,0.8333333134651184
adam,50,500,8,0.8636363744735718
adam,50,500,10,0.8484848737716675
adam,50,500,12,0.8712121248245239
adam,50,500,14,0.8939393758773804
adam,50,600,2,0.7651515007019043
adam,50,600,4,0.8181818127632141
adam,50,600,6,0.8409090638160706
adam,50,600,8,0.8409090638160706
adam,50,600,10,0.8560606241226196
adam,50,600,12,0.9166666865348816
adam,50,600,14,0.9242424368858337
adam,50,700,2,0.8030303120613098
adam,50,700,4,0.8333333134651184
adam,50,700,6,0.8484848737716675
adam,50,700,8,0.8712121248245239
adam,50,700,10,0.8636363744735718
adam,50,700,12,0.8484848737716675
adam,50,700,14,0.9015151262283325
adam,50,800,2,0.8484848737716675
adam,50,800,4,0.810606062412262
adam,50,800,6,0.8257575631141663
adam,50,800,8,0.8484848737716675
adam,50,800,10,0.8560606241226196
adam,50,800,12,0.8787878751754761
adam,50,800,14,0.8560606241226196
adam,50,900,2,0.7803030014038086
adam,50,900,4,0.810606062412262
adam,50,900,6,0.8181818127632141
adam,50,900,8,0.8712121248245239
adam,50,900,10,0.8787878751754761
adam,50,900,12,0.8636363744735718
adam,50,900,14,0.8939393758773804
adam,60,100,2,0.8181818127632141
adam,60,100,4,0.9318181872367859
adam,60,100,6,0.9469696879386902
adam,60,100,8,0.9848484992980957
adam,60,100,10,0.9924242496490479
adam,60,100,12,0.9924242496490479
adam,60,100,14,1.0
adam,60,200,2,0.8181818127632141
adam,60,200,4,0.8257575631141663
adam,60,200,6,0.8636363744735718
adam,60,200,8,0.8787878751754761
adam,60,200,10,0.9015151262283325
adam,60,200,12,0.9166666865348816
adam,60,200,14,0.9545454382896423
adam,60,300,2,0.7878788113594055
adam,60,300,4,0.8257575631141663
adam,60,300,6,0.8560606241226196
adam,60,300,8,0.8636363744735718
adam,60,300,10,0.9090909361839294
adam,60,300,12,0.939393937587738
adam,60,300,14,0.9621211886405945
adam,60,400,2,0.7803030014038086
adam,60,400,4,0.8181818127632141
adam,60,400,6,0.8636363744735718
adam,60,400,8,0.8712121248245239
adam,60,400,10,0.9090909361839294
adam,60,400,12,0.9469696879386902
adam,60,400,14,0.9621211886405945
adam,60,500,2,0.7651515007019043
adam,60,500,4,0.8257575631141663
adam,60,500,6,0.8409090638160706
adam,60,500,8,0.8787878751754761
adam,60,500,10,0.8939393758773804
adam,60,500,12,0.9469696879386902
adam,60,500,14,0.9696969985961914
adam,60,600,2,0.7803030014038086
adam,60,600,4,0.8333333134651184
adam,60,600,6,0.8560606241226196
adam,60,600,8,0.8863636255264282
adam,60,600,10,0.8939393758773804
adam,60,600,12,0.9242424368858337
adam,60,600,14,0.9621211886405945
adam,60,700,2,0.7878788113594055
adam,60,700,4,0.810606062412262
adam,60,700,6,0.8636363744735718
adam,60,700,8,0.8636363744735718
adam,60,700,10,0.9242424368858337
adam,60,700,12,0.9318181872367859
adam,60,700,14,0.939393937587738
adam,60,800,2,0.7727272510528564
adam,60,800,4,0.8333333134651184
adam,60,800,6,0.8712121248245239
adam,60,800,8,0.8863636255264282
adam,60,800,10,0.8939393758773804
adam,60,800,12,0.9469696879386902
adam,60,800,14,0.9772727489471436
adam,60,900,2,0.8181818127632141
adam,60,900,4,0.8333333134651184
adam,60,900,6,0.8712121248245239
adam,60,900,8,0.9166666865348816
adam,60,900,10,0.9015151262283325
adam,60,900,12,0.9318181872367859
adam,60,900,14,0.9318181872367859
adam,70,100,2,0.8181818127632141
adam,70,100,4,0.9090909361839294
adam,70,100,6,0.9621211886405945
adam,70,100,8,0.9924242496490479
adam,70,100,10,0.9924242496490479
adam,70,100,12,0.9924242496490479
adam,70,100,14,1.0
adam,70,200,2,0.8333333134651184
adam,70,200,4,0.8636363744735718
adam,70,200,6,0.8712121248245239
adam,70,200,8,0.939393937587738
adam,70,200,10,0.9621211886405945
adam,70,200,12,0.9848484992980957
adam,70,200,14,0.9848484992980957
adam,70,300,2,0.8560606241226196
adam,70,300,4,0.8409090638160706
adam,70,300,6,0.8484848737716675
adam,70,300,8,0.9242424368858337
adam,70,300,10,0.9166666865348816
adam,70,300,12,0.9545454382896423
adam,70,300,14,0.9848484992980957
adam,70,400,2,0.7803030014038086
adam,70,400,4,0.8181818127632141
adam,70,400,6,0.8787878751754761
adam,70,400,8,0.9090909361839294
adam,70,400,10,0.9545454382896423
adam,70,400,12,0.9696969985961914
adam,70,400,14,0.9848484992980957
adam,70,500,2,0.8257575631141663
adam,70,500,4,0.8712121248245239
adam,70,500,6,0.8636363744735718
adam,70,500,8,0.9166666865348816
adam,70,500,10,0.939393937587738
adam,70,500,12,0.9848484992980957
adam,70,500,14,0.9848484992980957
adam,70,600,2,0.7954545617103577
adam,70,600,4,0.8636363744735718
adam,70,600,6,0.8939393758773804
adam,70,600,8,0.9015151262283325
adam,70,600,10,0.9621211886405945
adam,70,600,12,0.9772727489471436
adam,70,600,14,0.9696969985961914
adam,70,700,2,0.7803030014038086
adam,70,700,4,0.8560606241226196
adam,70,700,6,0.9015151262283325
adam,70,700,8,0.9166666865348816
adam,70,700,10,0.9545454382896423
adam,70,700,12,0.9621211886405945
adam,70,700,14,0.9772727489471436
adam,70,800,2,0.7954545617103577
adam,70,800,4,0.8484848737716675
adam,70,800,6,0.8712121248245239
adam,70,800,8,0.9090909361839294
adam,70,800,10,0.9621211886405945
adam,70,800,12,0.9621211886405945
adam,70,800,14,0.9848484992980957
adam,70,900,2,0.8409090638160706
adam,70,900,4,0.8409090638160706
adam,70,900,6,0.9015151262283325
adam,70,900,8,0.939393937587738
adam,70,900,10,0.9318181872367859
adam,70,900,12,0.9696969985961914
adam,70,900,14,0.9924242496490479
adam,80,100,2,0.8712121248245239
adam,80,100,4,0.9696969985961914
adam,80,100,6,0.9772727489471436
adam,80,100,8,0.9924242496490479
adam,80,100,10,1.0
adam,80,100,12,0.9924242496490479
adam,80,100,14,1.0
adam,80,200,2,0.7803030014038086
adam,80,200,4,0.8863636255264282
adam,80,200,6,0.9318181872367859
adam,80,200,8,0.939393937587738
adam,80,200,10,0.9696969985961914
adam,80,200,12,0.9772727489471436
adam,80,200,14,0.9848484992980957
adam,80,300,2,0.8484848737716675
adam,80,300,4,0.8787878751754761
adam,80,300,6,0.939393937587738
adam,80,300,8,0.9318181872367859
adam,80,300,10,0.9924242496490479
adam,80,300,12,0.9924242496490479
adam,80,300,14,0.9848484992980957
adam,80,400,2,0.8333333134651184
adam,80,400,4,0.8712121248245239
adam,80,400,6,0.9166666865348816
adam,80,400,8,0.9621211886405945
adam,80,400,10,0.9772727489471436
adam,80,400,12,0.9772727489471436
adam,80,400,14,0.9924242496490479
adam,80,500,2,0.8181818127632141
adam,80,500,4,0.8636363744735718
adam,80,500,6,0.939393937587738
adam,80,500,8,0.9545454382896423
adam,80,500,10,0.9621211886405945
adam,80,500,12,0.9848484992980957
adam,80,500,14,0.9848484992980957
adam,80,600,2,0.810606062412262
adam,80,600,4,0.8636363744735718
adam,80,600,6,0.939393937587738
adam,80,600,8,0.9696969985961914
adam,80,600,10,0.9772727489471436
adam,80,600,12,0.9848484992980957
adam,80,600,14,0.9924242496490479
adam,80,700,2,0.8257575631141663
adam,80,700,4,0.9166666865348816
adam,80,700,6,0.9469696879386902
adam,80,700,8,0.9621211886405945
adam,80,700,10,0.9772727489471436
adam,80,700,12,0.9848484992980957
adam,80,700,14,0.9924242496490479
adam,80,800,2,0.7878788113594055
adam,80,800,4,0.8787878751754761
adam,80,800,6,0.9090909361839294
adam,80,800,8,0.9772727489471436
adam,80,800,10,0.9696969985961914
adam,80,800,12,0.9924242496490479
adam,80,800,14,0.9848484992980957
adam,80,900,2,0.8333333134651184
adam,80,900,4,0.8560606241226196
adam,80,900,6,0.939393937587738
adam,80,900,8,0.9696969985961914
adam,80,900,10,0.9696969985961914
adam,80,900,12,0.9924242496490479
adam,80,900,14,1.0
adam,90,100,2,0.8939393758773804
adam,90,100,4,0.9848484992980957
adam,90,100,6,1.0
adam,90,100,8,1.0
adam,90,100,10,1.0
adam,90,100,12,1.0
adam,90,100,14,1.0
adam,90,200,2,0.8333333134651184
adam,90,200,4,0.8863636255264282
adam,90,200,6,0.9545454382896423
adam,90,200,8,0.9848484992980957
adam,90,200,10,0.9848484992980957
adam,90,200,12,0.9924242496490479
adam,90,200,14,1.0
adam,90,300,2,0.8333333134651184
adam,90,300,4,0.8863636255264282
adam,90,300,6,0.9696969985961914
adam,90,300,8,0.9772727489471436
adam,90,300,10,0.9696969985961914
adam,90,300,12,0.9696969985961914
adam,90,300,14,0.9924242496490479
adam,90,400,2,0.8409090638160706
adam,90,400,4,0.9166666865348816
adam,90,400,6,0.9469696879386902
adam,90,400,8,0.9772727489471436
adam,90,400,10,0.9924242496490479
adam,90,400,12,1.0
adam,90,400,14,0.9924242496490479
adam,90,500,2,0.8257575631141663
adam,90,500,4,0.9015151262283325
adam,90,500,6,0.9545454382896423
adam,90,500,8,0.9696969985961914
adam,90,500,10,0.9772727489471436
adam,90,500,12,0.9924242496490479
adam,90,500,14,1.0
adam,90,600,2,0.8030303120613098
adam,90,600,4,0.9015151262283325
adam,90,600,6,0.9545454382896423
adam,90,600,8,0.9772727489471436
adam,90,600,10,0.9772727489471436
adam,90,600,12,0.9924242496490479
adam,90,600,14,0.9848484992980957
adam,90,700,2,0.8560606241226196
adam,90,700,4,0.8787878751754761
adam,90,700,6,0.9545454382896423
adam,90,700,8,0.9772727489471436
adam,90,700,10,1.0
adam,90,700,12,0.9924242496490479
adam,90,700,14,1.0
adam,90,800,2,0.8181818127632141
adam,90,800,4,0.9090909361839294
adam,90,800,6,0.9242424368858337
adam,90,800,8,0.9848484992980957
adam,90,800,10,0.9848484992980957
adam,90,800,12,0.9848484992980957
adam,90,800,14,0.9924242496490479
adam,90,900,2,0.8257575631141663
adam,90,900,4,0.9166666865348816
adam,90,900,6,0.939393937587738
adam,90,900,8,0.9696969985961914
adam,90,900,10,0.9924242496490479
adam,90,900,12,0.9924242496490479
adam,90,900,14,1.0
adam,100,100,2,0.9545454382896423
adam,100,100,4,0.9772727489471436
adam,100,100,6,0.9848484992980957
adam,100,100,8,0.9924242496490479
adam,100,100,10,1.0
adam,100,100,12,1.0
adam,100,100,14,1.0
adam,100,200,2,0.8636363744735718
adam,100,200,4,0.9242424368858337
adam,100,200,6,0.9621211886405945
adam,100,200,8,0.9848484992980957
adam,100,200,10,1.0
adam,100,200,12,0.9924242496490479
adam,100,200,14,1.0
adam,100,300,2,0.9015151262283325
adam,100,300,4,0.9166666865348816
adam,100,300,6,0.9469696879386902
adam,100,300,8,1.0
adam,100,300,10,0.9924242496490479
adam,100,300,12,1.0
adam,100,300,14,1.0
adam,100,400,2,0.8636363744735718
adam,100,400,4,0.9318181872367859
adam,100,400,6,0.9469696879386902
adam,100,400,8,0.9924242496490479
adam,100,400,10,0.9924242496490479
adam,100,400,12,1.0
adam,100,400,14,1.0
adam,100,500,2,0.8560606241226196
adam,100,500,4,0.9090909361839294
adam,100,500,6,0.9621211886405945
adam,100,500,8,0.9848484992980957
adam,100,500,10,1.0
adam,100,500,12,0.9924242496490479
adam,100,500,14,1.0
adam,100,600,2,0.8787878751754761
adam,100,600,4,0.9015151262283325
adam,100,600,6,0.9696969985961914
adam,100,600,8,0.9848484992980957
adam,100,600,10,0.9924242496490479
adam,100,600,12,0.9924242496490479
adam,100,600,14,1.0
adam,100,700,2,0.9015151262283325
adam,100,700,4,0.9090909361839294
adam,100,700,6,0.9848484992980957
adam,100,700,8,0.9772727489471436
adam,100,700,10,1.0
adam,100,700,12,1.0
adam,100,700,14,1.0
adam,100,800,2,0.8636363744735718
adam,100,800,4,0.9469696879386902
adam,100,800,6,0.9848484992980957
adam,100,800,8,1.0
adam,100,800,10,0.9848484992980957
adam,100,800,12,0.9924242496490479
adam,100,800,14,1.0
adam,100,900,2,0.8560606241226196
adam,100,900,4,0.9621211886405945
adam,100,900,6,0.9545454382896423
adam,100,900,8,0.9924242496490479
adam,100,900,10,0.9924242496490479
adam,100,900,12,0.9924242496490479
adam,100,900,14,1.0
adam,110,100,2,0.939393937587738
adam,110,100,4,0.9772727489471436
adam,110,100,6,0.9924242496490479
adam,110,100,8,1.0
adam,110,100,10,1.0
adam,110,100,12,1.0
adam,110,100,14,1.0
adam,110,200,2,0.8939393758773804
adam,110,200,4,0.9621211886405945
adam,110,200,6,0.9772727489471436
adam,110,200,8,0.9924242496490479
adam,110,200,10,0.9924242496490479
adam,110,200,12,1.0
adam,110,200,14,1.0
adam,110,300,2,0.8712121248245239
adam,110,300,4,0.939393937587738
adam,110,300,6,0.9772727489471436
adam,110,300,8,0.9924242496490479
adam,110,300,10,0.9924242496490479
adam,110,300,12,0.9924242496490479
adam,110,300,14,1.0
adam,110,400,2,0.8484848737716675
adam,110,400,4,0.9621211886405945
adam,110,400,6,0.9924242496490479
adam,110,400,8,0.9924242496490479
adam,110,400,10,1.0
adam,110,400,12,1.0
adam,110,400,14,1.0
adam,110,500,2,0.9090909361839294
adam,110,500,4,0.9469696879386902
adam,110,500,6,0.9924242496490479
adam,110,500,8,0.9924242496490479
adam,110,500,10,1.0
adam,110,500,12,0.9924242496490479
adam,110,500,14,1.0
adam,110,600,2,0.8560606241226196
adam,110,600,4,0.9621211886405945
adam,110,600,6,0.9848484992980957
adam,110,600,8,1.0
adam,110,600,10,1.0
adam,110,600,12,1.0
adam,110,600,14,1.0
adam,110,700,2,0.8787878751754761
adam,110,700,4,0.9621211886405945
adam,110,700,6,0.9696969985961914
adam,110,700,8,1.0
adam,110,700,10,0.9848484992980957
adam,110,700,12,1.0
adam,110,700,14,1.0
adam,110,800,2,0.8484848737716675
adam,110,800,4,0.9469696879386902
adam,110,800,6,0.9848484992980957
adam,110,800,8,1.0
adam,110,800,10,1.0
adam,110,800,12,1.0
adam,110,800,14,1.0
adam,110,900,2,0.8560606241226196
adam,110,900,4,0.939393937587738
adam,110,900,6,1.0
adam,110,900,8,0.9848484992980957
adam,110,900,10,0.9924242496490479
adam,110,900,12,1.0
adam,110,900,14,1.0
adam,120,100,2,0.9621211886405945
adam,120,100,4,1.0
adam,120,100,6,1.0
adam,120,100,8,1.0
adam,120,100,10,1.0
adam,120,100,12,1.0
adam,120,100,14,1.0
adam,120,200,2,0.8863636255264282
adam,120,200,4,0.9696969985961914
adam,120,200,6,0.9848484992980957
adam,120,200,8,1.0
adam,120,200,10,1.0
adam,120,200,12,1.0
adam,120,200,14,1.0
adam,120,300,2,0.8560606241226196
adam,120,300,4,0.9545454382896423
adam,120,300,6,0.9924242496490479
adam,120,300,8,0.9924242496490479
adam,120,300,10,1.0
adam,120,300,12,1.0
adam,120,300,14,1.0
adam,120,400,2,0.9090909361839294
adam,120,400,4,0.9848484992980957
adam,120,400,6,0.9772727489471436
adam,120,400,8,0.9924242496490479
adam,120,400,10,1.0
adam,120,400,12,1.0
adam,120,400,14,1.0
adam,120,500,2,0.8787878751754761
adam,120,500,4,0.9772727489471436
adam,120,500,6,0.9848484992980957
adam,120,500,8,0.9924242496490479
adam,120,500,10,1.0
adam,120,500,12,1.0
adam,120,500,14,1.0
adam,120,600,2,0.8484848737716675
adam,120,600,4,0.9696969985961914
adam,120,600,6,0.9848484992980957
adam,120,600,8,0.9924242496490479
adam,120,600,10,1.0
adam,120,600,12,0.9924242496490479
adam,120,600,14,1.0
adam,120,700,2,0.8863636255264282
adam,120,700,4,0.9696969985961914
adam,120,700,6,0.9848484992980957
adam,120,700,8,0.9924242496490479
adam,120,700,10,1.0
adam,120,700,12,1.0
adam,120,700,14,1.0
adam,120,800,2,0.9015151262283325
adam,120,800,4,0.9772727489471436
adam,120,800,6,0.9924242496490479
adam,120,800,8,0.9924242496490479
adam,120,800,10,1.0
adam,120,800,12,0.9924242496490479
adam,120,800,14,1.0
adam,120,900,2,0.8636363744735718
adam,120,900,4,0.9696969985961914
adam,120,900,6,0.9924242496490479
adam,120,900,8,0.9924242496490479
adam,120,900,10,1.0
adam,120,900,12,1.0
adam,120,900,14,1.0
adam,130,100,2,0.9469696879386902
adam,130,100,4,0.9848484992980957
adam,130,100,6,1.0
adam,130,100,8,1.0
adam,130,100,10,1.0
adam,130,100,12,1.0
adam,130,100,14,1.0
adam,130,200,2,0.9318181872367859
adam,130,200,4,0.9848484992980957
adam,130,200,6,0.9924242496490479
adam,130,200,8,0.9848484992980957
adam,130,200,10,1.0
adam,130,200,12,1.0
adam,130,200,14,1.0
adam,130,300,2,0.9469696879386902
adam,130,300,4,0.9924242496490479
adam,130,300,6,0.9772727489471436
adam,130,300,8,1.0
adam,130,300,10,1.0
adam,130,300,12,1.0
adam,130,300,14,1.0
adam,130,400,2,0.9242424368858337
adam,130,400,4,0.9696969985961914
adam,130,400,6,0.9924242496490479
adam,130,400,8,1.0
adam,130,400,10,0.9924242496490479
adam,130,400,12,1.0
adam,130,400,14,1.0
adam,130,500,2,0.9621211886405945
adam,130,500,4,0.9772727489471436
adam,130,500,6,1.0
adam,130,500,8,1.0
adam,130,500,10,1.0
adam,130,500,12,1.0
adam,130,500,14,1.0
adam,130,600,2,0.9242424368858337
adam,130,600,4,0.9621211886405945
adam,130,600,6,1.0
adam,130,600,8,1.0
adam,130,600,10,1.0
adam,130,600,12,0.9924242496490479
adam,130,600,14,1.0
adam,130,700,2,0.9166666865348816
adam,130,700,4,0.9772727489471436
adam,130,700,6,1.0
adam,130,700,8,1.0
adam,130,700,10,1.0
adam,130,700,12,1.0
adam,130,700,14,1.0
adam,130,800,2,0.939393937587738
adam,130,800,4,0.9848484992980957
adam,130,800,6,0.9924242496490479
adam,130,800,8,1.0
adam,130,800,10,1.0
adam,130,800,12,1.0
adam,130,800,14,1.0
adam,130,900,2,0.8787878751754761
adam,130,900,4,0.9696969985961914
adam,130,900,6,0.9696969985961914
adam,130,900,8,1.0
adam,130,900,10,1.0
adam,130,900,12,0.9924242496490479
adam,130,900,14,1.0
adam,140,100,2,0.9772727489471436
adam,140,100,4,1.0
adam,140,100,6,1.0
adam,140,100,8,1.0
adam,140,100,10,1.0
adam,140,100,12,1.0
adam,140,100,14,1.0
adam,140,200,2,0.9469696879386902
adam,140,200,4,0.9848484992980957
adam,140,200,6,1.0
adam,140,200,8,1.0
adam,140,200,10,1.0
adam,140,200,12,1.0
adam,140,200,14,1.0
adam,140,300,2,0.939393937587738
adam,140,300,4,0.9848484992980957
adam,140,300,6,0.9924242496490479
adam,140,300,8,1.0
adam,140,300,10,1.0
adam,140,300,12,1.0
adam,140,300,14,1.0
adam,140,400,2,0.9318181872367859
adam,140,400,4,0.9848484992980957
adam,140,400,6,1.0
adam,140,400,8,1.0
adam,140,400,10,1.0
adam,140,400,12,1.0
adam,140,400,14,1.0
adam,140,500,2,0.9090909361839294
adam,140,500,4,0.9848484992980957
adam,140,500,6,0.9924242496490479
adam,140,500,8,1.0
adam,140,500,10,1.0
adam,140,500,12,1.0
adam,140,500,14,1.0
adam,140,600,2,0.9242424368858337
adam,140,600,4,0.9848484992980957
adam,140,600,6,1.0
adam,140,600,8,1.0
adam,140,600,10,1.0
adam,140,600,12,1.0
adam,140,600,14,1.0
adam,140,700,2,0.9090909361839294
adam,140,700,4,0.9848484992980957
adam,140,700,6,1.0
adam,140,700,8,1.0
adam,140,700,10,1.0
adam,140,700,12,1.0
adam,140,700,14,1.0
adam,140,800,2,0.9469696879386902
adam,140,800,4,0.9772727489471436
adam,140,800,6,0.9924242496490479
adam,140,800,8,1.0
adam,140,800,10,1.0
adam,140,800,12,1.0
adam,140,800,14,1.0
adam,140,900,2,0.8939393758773804
adam,140,900,4,0.9848484992980957
adam,140,900,6,1.0
adam,140,900,8,0.9924242496490479
adam,140,900,10,1.0
adam,140,900,12,1.0
adam,140,900,14,1.0
adam,150,100,2,0.9772727489471436
adam,150,100,4,1.0
adam,150,100,6,0.9924242496490479
adam,150,100,8,1.0
adam,150,100,10,1.0
adam,150,100,12,1.0
adam,150,100,14,1.0
adam,150,200,2,0.9090909361839294
adam,150,200,4,0.9924242496490479
adam,150,200,6,0.9924242496490479
adam,150,200,8,1.0
adam,150,200,10,1.0
adam,150,200,12,1.0
adam,150,200,14,1.0
adam,150,300,2,0.9469696879386902
adam,150,300,4,0.9848484992980957
adam,150,300,6,1.0
adam,150,300,8,0.9924242496490479
adam,150,300,10,1.0
adam,150,300,12,1.0
adam,150,300,14,1.0
adam,150,400,2,0.9242424368858337
adam,150,400,4,1.0
adam,150,400,6,1.0
adam,150,400,8,1.0
adam,150,400,10,1.0
adam,150,400,12,1.0
adam,150,400,14,1.0
adam,150,500,2,0.9772727489471436
adam,150,500,4,0.9924242496490479
adam,150,500,6,1.0
adam,150,500,8,0.9924242496490479
adam,150,500,10,1.0
adam,150,500,12,1.0
adam,150,500,14,1.0
adam,150,600,2,0.9621211886405945
adam,150,600,4,0.9848484992980957
adam,150,600,6,0.9924242496490479
adam,150,600,8,1.0
adam,150,600,10,1.0
adam,150,600,12,1.0
adam,150,600,14,1.0
adam,150,700,2,0.9318181872367859
adam,150,700,4,0.9772727489471436
adam,150,700,6,1.0
adam,150,700,8,1.0
adam,150,700,10,1.0
adam,150,700,12,1.0
adam,150,700,14,1.0
adam,150,800,2,0.9166666865348816
adam,150,800,4,0.9848484992980957
adam,150,800,6,1.0
adam,150,800,8,1.0
adam,150,800,10,1.0
adam,150,800,12,1.0
adam,150,800,14,1.0
adam,150,900,2,0.9318181872367859
adam,150,900,4,0.9924242496490479
adam,150,900,6,0.9924242496490479
adam,150,900,8,1.0
adam,150,900,10,1.0
adam,150,900,12,1.0
adam,150,900,14,1.0
adam,160,100,2,0.9848484992980957
adam,160,100,4,1.0
adam,160,100,6,1.0
adam,160,100,8,1.0
adam,160,100,10,1.0
adam,160,100,12,1.0
adam,160,100,14,1.0
adam,160,200,2,0.9545454382896423
adam,160,200,4,1.0
adam,160,200,6,0.9924242496490479
adam,160,200,8,1.0
adam,160,200,10,1.0
adam,160,200,12,1.0
adam,160,200,14,1.0
adam,160,300,2,0.9848484992980957
adam,160,300,4,1.0
adam,160,300,6,0.9924242496490479
adam,160,300,8,1.0
adam,160,300,10,1.0
adam,160,300,12,1.0
adam,160,300,14,1.0
adam,160,400,2,0.9772727489471436
adam,160,400,4,0.9848484992980957
adam,160,400,6,0.9924242496490479
adam,160,400,8,1.0
adam,160,400,10,1.0
adam,160,400,12,1.0
adam,160,400,14,1.0
adam,160,500,2,0.9242424368858337
adam,160,500,4,0.9924242496490479
adam,160,500,6,0.9924242496490479
adam,160,500,8,1.0
adam,160,500,10,1.0
adam,160,500,12,1.0
adam,160,500,14,1.0
adam,160,600,2,0.9469696879386902
adam,160,600,4,1.0
adam,160,600,6,1.0
adam,160,600,8,1.0
adam,160,600,10,1.0
adam,160,600,12,1.0
adam,160,600,14,1.0
adam,160,700,2,0.9696969985961914
adam,160,700,4,0.9924242496490479
adam,160,700,6,0.9924242496490479
adam,160,700,8,1.0
adam,160,700,10,1.0
adam,160,700,12,1.0
adam,160,700,14,1.0
adam,160,800,2,0.9696969985961914
adam,160,800,4,0.9924242496490479
adam,160,800,6,1.0
adam,160,800,8,1.0
adam,160,800,10,1.0
adam,160,800,12,1.0
adam,160,800,14,1.0
adam,160,900,2,0.9166666865348816
adam,160,900,4,0.9924242496490479
adam,160,900,6,1.0
adam,160,900,8,1.0
adam,160,900,10,1.0
adam,160,900,12,1.0
adam,160,900,14,1.0
adam,170,100,2,0.9848484992980957
adam,170,100,4,1.0
adam,170,100,6,1.0
adam,170,100,8,1.0
adam,170,100,10,1.0
adam,170,100,12,1.0
adam,170,100,14,1.0
adam,170,200,2,0.9696969985961914
adam,170,200,4,0.9924242496490479
adam,170,200,6,1.0
adam,170,200,8,1.0
adam,170,200,10,1.0
adam,170,200,12,1.0
adam,170,200,14,1.0
adam,170,300,2,0.9469696879386902
adam,170,300,4,0.9924242496490479
adam,170,300,6,1.0
adam,170,300,8,1.0
adam,170,300,10,1.0
adam,170,300,12,1.0
adam,170,300,14,1.0
adam,170,400,2,0.9545454382896423
adam,170,400,4,0.9848484992980957
adam,170,400,6,1.0
adam,170,400,8,1.0
adam,170,400,10,1.0
adam,170,400,12,1.0
adam,170,400,14,1.0
adam,170,500,2,0.9696969985961914
adam,170,500,4,0.9924242496490479
adam,170,500,6,1.0
adam,170,500,8,0.9924242496490479
adam,170,500,10,1.0
adam,170,500,12,1.0
adam,170,500,14,1.0
adam,170,600,2,0.9545454382896423
adam,170,600,4,1.0
adam,170,600,6,1.0
adam,170,600,8,1.0
adam,170,600,10,1.0
adam,170,600,12,1.0
adam,170,600,14,1.0
adam,170,700,2,0.9318181872367859
adam,170,700,4,1.0
adam,170,700,6,1.0
adam,170,700,8,1.0
adam,170,700,10,1.0
adam,170,700,12,1.0
adam,170,700,14,1.0
adam,170,800,2,0.9545454382896423
adam,170,800,4,1.0
adam,170,800,6,1.0
adam,170,800,8,1.0
adam,170,800,10,1.0
adam,170,800,12,1.0
adam,170,800,14,1.0
adam,170,900,2,0.9772727489471436
adam,170,900,4,0.9848484992980957
adam,170,900,6,1.0
adam,170,900,8,0.9924242496490479
adam,170,900,10,1.0
adam,170,900,12,1.0
adam,170,900,14,1.0
adam,180,100,2,0.9924242496490479
adam,180,100,4,1.0
adam,180,100,6,1.0
adam,180,100,8,1.0
adam,180,100,10,1.0
adam,180,100,12,1.0
adam,180,100,14,1.0
adam,180,200,2,0.9696969985961914
adam,180,200,4,1.0
adam,180,200,6,1.0
adam,180,200,8,1.0
adam,180,200,10,1.0
adam,180,200,12,1.0
adam,180,200,14,1.0
adam,180,300,2,0.9696969985961914
adam,180,300,4,0.9924242496490479
adam,180,300,6,0.9924242496490479
adam,180,300,8,1.0
adam,180,300,10,1.0
adam,180,300,12,1.0
adam,180,300,14,1.0
adam,180,400,2,0.9545454382896423
adam,180,400,4,1.0
adam,180,400,6,1.0
adam,180,400,8,1.0
adam,180,400,10,1.0
adam,180,400,12,1.0
adam,180,400,14,1.0
adam,180,500,2,0.9772727489471436
adam,180,500,4,0.9772727489471436
adam,180,500,6,1.0
adam,180,500,8,1.0
adam,180,500,10,1.0
adam,180,500,12,1.0
adam,180,500,14,1.0
adam,180,600,2,0.9696969985961914
adam,180,600,4,0.9924242496490479
adam,180,600,6,1.0
adam,180,600,8,1.0
adam,180,600,10,1.0
adam,180,600,12,1.0
adam,180,600,14,1.0
adam,180,700,2,0.9545454382896423
adam,180,700,4,1.0
adam,180,700,6,1.0
adam,180,700,8,1.0
adam,180,700,10,1.0
adam,180,700,12,1.0
adam,180,700,14,1.0
adam,180,800,2,0.9696969985961914
adam,180,800,4,0.9924242496490479
adam,180,800,6,1.0
adam,180,800,8,1.0
adam,180,800,10,1.0
adam,180,800,12,1.0
adam,180,800,14,1.0
adam,180,900,2,0.9696969985961914
adam,180,900,4,1.0
adam,180,900,6,1.0
adam,180,900,8,1.0
adam,180,900,10,1.0
adam,180,900,12,1.0
adam,180,900,14,1.0
adam,190,100,2,0.9848484992980957
adam,190,100,4,1.0
adam,190,100,6,1.0
adam,190,100,8,1.0
adam,190,100,10,1.0
adam,190,100,12,1.0
adam,190,100,14,1.0
adam,190,200,2,0.9772727489471436
adam,190,200,4,1.0
adam,190,200,6,1.0
adam,190,200,8,1.0
adam,190,200,10,1.0
adam,190,200,12,1.0
adam,190,200,14,1.0
adam,190,300,2,0.9696969985961914
adam,190,300,4,1.0
adam,190,300,6,1.0
adam,190,300,8,1.0
adam,190,300,10,1.0
adam,190,300,12,1.0
adam,190,300,14,1.0
adam,190,400,2,0.9621211886405945
adam,190,400,4,1.0
adam,190,400,6,1.0
adam,190,400,8,1.0
adam,190,400,10,1.0
adam,190,400,12,1.0
adam,190,400,14,1.0
adam,190,500,2,0.9772727489471436
adam,190,500,4,0.9924242496490479
adam,190,500,6,1.0
adam,190,500,8,1.0
adam,190,500,10,1.0
adam,190,500,12,1.0
adam,190,500,14,1.0
adam,190,600,2,0.9772727489471436
adam,190,600,4,0.9924242496490479
adam,190,600,6,1.0
adam,190,600,8,1.0
adam,190,600,10,1.0
adam,190,600,12,1.0
adam,190,600,14,1.0
adam,190,700,2,0.9772727489471436
adam,190,700,4,1.0
adam,190,700,6,1.0
adam,190,700,8,1.0
adam,190,700,10,1.0
adam,190,700,12,1.0
adam,190,700,14,1.0
adam,190,800,2,0.9469696879386902
adam,190,800,4,1.0
adam,190,800,6,1.0
adam,190,800,8,1.0
adam,190,800,10,1.0
adam,190,800,12,1.0
adam,190,800,14,1.0
adam,190,900,2,0.9848484992980957
adam,190,900,4,1.0
adam,190,900,6,1.0
adam,190,900,8,1.0
adam,190,900,10,1.0
adam,190,900,12,1.0
adam,190,900,14,1.0
adam,200,100,2,0.9924242496490479
adam,200,100,4,1.0
adam,200,100,6,1.0
adam,200,100,8,1.0
adam,200,100,10,1.0
adam,200,100,12,1.0
adam,200,100,14,1.0
adam,200,200,2,0.9621211886405945
adam,200,200,4,0.9924242496490479
adam,200,200,6,1.0
adam,200,200,8,1.0
adam,200,200,10,1.0
adam,200,200,12,1.0
adam,200,200,14,1.0
adam,200,300,2,0.9696969985961914
adam,200,300,4,1.0
adam,200,300,6,1.0
adam,200,300,8,1.0
adam,200,300,10,1.0
adam,200,300,12,1.0
adam,200,300,14,1.0
adam,200,400,2,0.9924242496490479
adam,200,400,4,1.0
adam,200,400,6,1.0
adam,200,400,8,1.0
adam,200,400,10,1.0
adam,200,400,12,1.0
adam,200,400,14,1.0
adam,200,500,2,0.9696969985961914
adam,200,500,4,1.0
adam,200,500,6,1.0
adam,200,500,8,1.0
adam,200,500,10,1.0
adam,200,500,12,1.0
adam,200,500,14,1.0
adam,200,600,2,0.9848484992980957
adam,200,600,4,0.9924242496490479
adam,200,600,6,1.0
adam,200,600,8,1.0
adam,200,600,10,1.0
adam,200,600,12,1.0
adam,200,600,14,1.0
adam,200,700,2,0.9772727489471436
adam,200,700,4,1.0
adam,200,700,6,1.0
adam,200,700,8,1.0
adam,200,700,10,1.0
adam,200,700,12,1.0
adam,200,700,14,1.0
adam,200,800,2,0.9621211886405945
adam,200,800,4,1.0
adam,200,800,6,1.0
adam,200,800,8,1.0
adam,200,800,10,1.0
adam,200,800,12,1.0
adam,200,800,14,1.0
adam,200,900,2,0.9696969985961914
adam,200,900,4,1.0
adam,200,900,6,1.0
adam,200,900,8,1.0
adam,200,900,10,1.0
adam,200,900,12,1.0
adam,200,900,14,1.0
adam,210,100,2,0.9924242496490479
adam,210,100,4,1.0
adam,210,100,6,1.0
adam,210,100,8,1.0
adam,210,100,10,1.0
adam,210,100,12,1.0
adam,210,100,14,1.0
adam,210,200,2,0.9696969985961914
adam,210,200,4,1.0
adam,210,200,6,1.0
adam,210,200,8,1.0
adam,210,200,10,1.0
adam,210,200,12,1.0
adam,210,200,14,1.0
adam,210,300,2,0.9772727489471436
adam,210,300,4,1.0
adam,210,300,6,1.0
adam,210,300,8,1.0
adam,210,300,10,1.0
adam,210,300,12,1.0
adam,210,300,14,1.0
adam,210,400,2,0.9848484992980957
adam,210,400,4,1.0
adam,210,400,6,1.0
adam,210,400,8,1.0
adam,210,400,10,1.0
adam,210,400,12,1.0
adam,210,400,14,1.0
adam,210,500,2,0.9696969985961914
adam,210,500,4,1.0
adam,210,500,6,1.0
adam,210,500,8,1.0
adam,210,500,10,1.0
adam,210,500,12,1.0
adam,210,500,14,1.0
adam,210,600,2,0.9621211886405945
adam,210,600,4,0.9848484992980957
adam,210,600,6,1.0
adam,210,600,8,1.0
adam,210,600,10,1.0
adam,210,600,12,1.0
adam,210,600,14,1.0
adam,210,700,2,0.9848484992980957
adam,210,700,4,0.9924242496490479
adam,210,700,6,0.9924242496490479
adam,210,700,8,1.0
adam,210,700,10,1.0
adam,210,700,12,1.0
adam,210,700,14,1.0
adam,210,800,2,0.9848484992980957
adam,210,800,4,0.9924242496490479
adam,210,800,6,1.0
adam,210,800,8,1.0
adam,210,800,10,1.0
adam,210,800,12,1.0
adam,210,800,14,1.0
adam,210,900,2,0.9848484992980957
adam,210,900,4,1.0
adam,210,900,6,1.0
adam,210,900,8,1.0
adam,210,900,10,1.0
adam,210,900,12,1.0
adam,210,900,14,1.0
adam,220,100,2,1.0
adam,220,100,4,1.0
adam,220,100,6,1.0
adam,220,100,8,1.0
adam,220,100,10,1.0
adam,220,100,12,1.0
adam,220,100,14,1.0
adam,220,200,2,0.9696969985961914
adam,220,200,4,1.0
adam,220,200,6,1.0
adam,220,200,8,1.0
adam,220,200,10,1.0
adam,220,200,12,1.0
adam,220,200,14,1.0
adam,220,300,2,0.9848484992980957
adam,220,300,4,1.0
adam,220,300,6,1.0
adam,220,300,8,1.0
adam,220,300,10,1.0
adam,220,300,12,1.0
adam,220,300,14,1.0
adam,220,400,2,1.0
adam,220,400,4,1.0
adam,220,400,6,1.0
adam,220,400,8,1.0
adam,220,400,10,1.0
adam,220,400,12,1.0
adam,220,400,14,1.0
adam,220,500,2,0.9924242496490479
adam,220,500,4,1.0
adam,220,500,6,1.0
adam,220,500,8,1.0
adam,220,500,10,1.0
adam,220,500,12,1.0
adam,220,500,14,1.0
adam,220,600,2,0.9924242496490479
adam,220,600,4,1.0
adam,220,600,6,1.0
adam,220,600,8,1.0
adam,220,600,10,1.0
adam,220,600,12,1.0
adam,220,600,14,1.0
adam,220,700,2,0.9772727489471436
adam,220,700,4,1.0
adam,220,700,6,1.0
adam,220,700,8,1.0
adam,220,700,10,1.0
adam,220,700,12,1.0
adam,220,700,14,1.0
adam,220,800,2,0.9848484992980957
adam,220,800,4,1.0
adam,220,800,6,1.0
adam,220,800,8,1.0
adam,220,800,10,1.0
adam,220,800,12,1.0
adam,220,800,14,1.0
adam,220,900,2,0.9696969985961914
adam,220,900,4,1.0
adam,220,900,6,1.0
adam,220,900,8,1.0
adam,220,900,10,1.0
adam,220,900,12,1.0
adam,220,900,14,1.0
adam,230,100,2,1.0
adam,230,100,4,1.0
adam,230,100,6,1.0
adam,230,100,8,1.0
adam,230,100,10,1.0
adam,230,100,12,1.0
adam,230,100,14,1.0
adam,230,200,2,0.9848484992980957
adam,230,200,4,1.0
adam,230,200,6,1.0
adam,230,200,8,1.0
adam,230,200,10,1.0
adam,230,200,12,1.0
adam,230,200,14,1.0
adam,230,300,2,0.9924242496490479
adam,230,300,4,0.9924242496490479
adam,230,300,6,1.0
adam,230,300,8,1.0
adam,230,300,10,1.0
adam,230,300,12,1.0
adam,230,300,14,1.0
adam,230,400,2,0.9772727489471436
adam,230,400,4,1.0
adam,230,400,6,1.0
adam,230,400,8,1.0
adam,230,400,10,1.0
adam,230,400,12,1.0
adam,230,400,14,1.0
adam,230,500,2,0.9848484992980957
adam,230,500,4,1.0
adam,230,500,6,1.0
adam,230,500,8,1.0
adam,230,500,10,1.0
adam,230,500,12,1.0
adam,230,500,14,1.0
adam,230,600,2,1.0
adam,230,600,4,1.0
adam,230,600,6,1.0
adam,230,600,8,1.0
adam,230,600,10,1.0
adam,230,600,12,1.0
adam,230,600,14,1.0
adam,230,700,2,0.9848484992980957
adam,230,700,4,1.0
adam,230,700,6,1.0
adam,230,700,8,1.0
adam,230,700,10,1.0
adam,230,700,12,1.0
adam,230,700,14,1.0
adam,230,800,2,0.9848484992980957
adam,230,800,4,1.0
adam,230,800,6,1.0
adam,230,800,8,1.0
adam,230,800,10,1.0
adam,230,800,12,1.0
adam,230,800,14,1.0
adam,230,900,2,0.9924242496490479
adam,230,900,4,1.0
adam,230,900,6,1.0
adam,230,900,8,1.0
adam,230,900,10,1.0
adam,230,900,12,1.0
adam,230,900,14,1.0
adam,240,100,2,1.0
adam,240,100,4,1.0
adam,240,100,6,1.0
adam,240,100,8,1.0
adam,240,100,10,1.0
adam,240,100,12,1.0
adam,240,100,14,1.0
adam,240,200,2,0.9772727489471436
adam,240,200,4,1.0
adam,240,200,6,1.0
adam,240,200,8,1.0
adam,240,200,10,1.0
adam,240,200,12,1.0
adam,240,200,14,1.0
adam,240,300,2,0.9924242496490479
adam,240,300,4,1.0
adam,240,300,6,1.0
adam,240,300,8,1.0
adam,240,300,10,1.0
adam,240,300,12,1.0
adam,240,300,14,1.0
adam,240,400,2,0.9924242496490479
adam,240,400,4,1.0
adam,240,400,6,1.0
adam,240,400,8,1.0
adam,240,400,10,1.0
adam,240,400,12,1.0
adam,240,400,14,1.0
adam,240,500,2,0.9621211886405945
adam,240,500,4,1.0
adam,240,500,6,1.0
adam,240,500,8,1.0
adam,240,500,10,1.0
adam,240,500,12,1.0
adam,240,500,14,1.0
adam,240,600,2,0.9772727489471436
adam,240,600,4,1.0
adam,240,600,6,1.0
adam,240,600,8,1.0
adam,240,600,10,1.0
adam,240,600,12,1.0
adam,240,600,14,1.0
adam,240,700,2,0.9848484992980957
adam,240,700,4,1.0
adam,240,700,6,1.0
adam,240,700,8,1.0
adam,240,700,10,1.0
adam,240,700,12,1.0
adam,240,700,14,1.0
adam,240,800,2,0.9848484992980957
adam,240,800,4,1.0
adam,240,800,6,1.0
adam,240,800,8,1.0
adam,240,800,10,1.0
adam,240,800,12,1.0
adam,240,800,14,1.0
adam,240,900,2,0.9772727489471436
adam,240,900,4,1.0
adam,240,900,6,1.0
adam,240,900,8,1.0
adam,240,900,10,1.0
adam,240,900,12,1.0
adam,240,900,14,1.0
adam,250,100,2,1.0
adam,250,100,4,1.0
adam,250,100,6,1.0
adam,250,100,8,1.0
adam,250,100,10,1.0
adam,250,100,12,1.0
adam,250,100,14,1.0
adam,250,200,2,0.9924242496490479
adam,250,200,4,1.0
adam,250,200,6,1.0
adam,250,200,8,1.0
adam,250,200,10,1.0
adam,250,200,12,1.0
adam,250,200,14,1.0
adam,250,300,2,1.0
adam,250,300,4,0.9924242496490479
adam,250,300,6,1.0
adam,250,300,8,1.0
adam,250,300,10,1.0
adam,250,300,12,1.0
adam,250,300,14,1.0
adam,250,400,2,1.0
adam,250,400,4,1.0
adam,250,400,6,1.0
adam,250,400,8,1.0
adam,250,400,10,1.0
adam,250,400,12,1.0
adam,250,400,14,1.0
adam,250,500,2,0.9924242496490479
adam,250,500,4,1.0
adam,250,500,6,1.0
adam,250,500,8,1.0
adam,250,500,10,1.0
adam,250,500,12,1.0
adam,250,500,14,1.0
adam,250,600,2,0.9924242496490479
adam,250,600,4,1.0
adam,250,600,6,1.0
adam,250,600,8,1.0
adam,250,600,10,1.0
adam,250,600,12,1.0
adam,250,600,14,1.0
adam,250,700,2,0.9848484992980957
adam,250,700,4,1.0
adam,250,700,6,1.0
adam,250,700,8,1.0
adam,250,700,10,1.0
adam,250,700,12,1.0
adam,250,700,14,1.0
adam,250,800,2,1.0
adam,250,800,4,1.0
adam,250,800,6,1.0
adam,250,800,8,1.0
adam,250,800,10,1.0
adam,250,800,12,1.0
adam,250,800,14,1.0
adam,250,900,2,0.9924242496490479
adam,250,900,4,1.0
adam,250,900,6,1.0
adam,250,900,8,1.0
adam,250,900,10,1.0
adam,250,900,12,1.0
adam,250,900,14,1.0
adam,260,100,2,1.0
adam,260,100,4,1.0
adam,260,100,6,1.0
adam,260,100,8,1.0
adam,260,100,10,1.0
adam,260,100,12,1.0
adam,260,100,14,1.0
adam,260,200,2,0.9924242496490479
adam,260,200,4,1.0
adam,260,200,6,1.0
adam,260,200,8,1.0
adam,260,200,10,1.0
adam,260,200,12,1.0
adam,260,200,14,1.0
adam,260,300,2,0.9772727489471436
adam,260,300,4,1.0
adam,260,300,6,1.0
adam,260,300,8,1.0
adam,260,300,10,1.0
adam,260,300,12,1.0
adam,260,300,14,1.0
adam,260,400,2,0.9696969985961914
adam,260,400,4,1.0
adam,260,400,6,1.0
adam,260,400,8,1.0
adam,260,400,10,1.0
adam,260,400,12,1.0
adam,260,400,14,1.0
adam,260,500,2,0.9848484992980957
adam,260,500,4,1.0
adam,260,500,6,1.0
adam,260,500,8,1.0
adam,260,500,10,1.0
adam,260,500,12,1.0
adam,260,500,14,1.0
adam,260,600,2,0.9924242496490479
adam,260,600,4,1.0
adam,260,600,6,1.0
adam,260,600,8,1.0
adam,260,600,10,1.0
adam,260,600,12,1.0
adam,260,600,14,1.0
adam,260,700,2,1.0
adam,260,700,4,1.0
adam,260,700,6,1.0
adam,260,700,8,1.0
adam,260,700,10,1.0
adam,260,700,12,1.0
adam,260,700,14,1.0
adam,260,800,2,1.0
adam,260,800,4,1.0
adam,260,800,6,1.0
adam,260,800,8,1.0
adam,260,800,10,1.0
adam,260,800,12,1.0
adam,260,800,14,1.0
adam,260,900,2,1.0
adam,260,900,4,1.0
adam,260,900,6,1.0
adam,260,900,8,1.0
adam,260,900,10,1.0
adam,260,900,12,1.0
adam,260,900,14,1.0
adam,270,100,2,0.9924242496490479
adam,270,100,4,1.0
adam,270,100,6,1.0
adam,270,100,8,1.0
adam,270,100,10,1.0
adam,270,100,12,1.0
adam,270,100,14,1.0
adam,270,200,2,0.9848484992980957
adam,270,200,4,1.0
adam,270,200,6,1.0
adam,270,200,8,1.0
adam,270,200,10,1.0
adam,270,200,12,1.0
adam,270,200,14,1.0
adam,270,300,2,0.9924242496490479
adam,270,300,4,1.0
adam,270,300,6,1.0
adam,270,300,8,1.0
adam,270,300,10,1.0
adam,270,300,12,1.0
adam,270,300,14,1.0
adam,270,400,2,0.9848484992980957
adam,270,400,4,1.0
adam,270,400,6,1.0
adam,270,400,8,1.0
adam,270,400,10,1.0
adam,270,400,12,1.0
adam,270,400,14,1.0
adam,270,500,2,1.0
adam,270,500,4,1.0
adam,270,500,6,1.0
adam,270,500,8,1.0
adam,270,500,10,1.0
adam,270,500,12,1.0
adam,270,500,14,1.0
adam,270,600,2,0.9924242496490479
adam,270,600,4,1.0
adam,270,600,6,1.0
adam,270,600,8,1.0
adam,270,600,10,1.0
adam,270,600,12,1.0
adam,270,600,14,1.0
adam,270,700,2,0.9924242496490479
adam,270,700,4,1.0
adam,270,700,6,1.0
adam,270,700,8,1.0
adam,270,700,10,1.0
adam,270,700,12,1.0
adam,270,700,14,1.0
adam,270,800,2,1.0
adam,270,800,4,1.0
adam,270,800,6,1.0
adam,270,800,8,1.0
adam,270,800,10,1.0
adam,270,800,12,1.0
adam,270,800,14,1.0
adam,270,900,2,1.0
adam,270,900,4,1.0
adam,270,900,6,1.0
adam,270,900,8,1.0
adam,270,900,10,1.0
adam,270,900,12,1.0
adam,270,900,14,1.0
adam,280,100,2,1.0
adam,280,100,4,1.0
adam,280,100,6,1.0
adam,280,100,8,1.0
adam,280,100,10,1.0
adam,280,100,12,1.0
adam,280,100,14,1.0
adam,280,200,2,0.9848484992980957
adam,280,200,4,0.9924242496490479
adam,280,200,6,1.0
adam,280,200,8,1.0
adam,280,200,10,1.0
adam,280,200,12,1.0
adam,280,200,14,1.0
adam,280,300,2,0.9848484992980957
adam,280,300,4,1.0
adam,280,300,6,1.0
adam,280,300,8,1.0
adam,280,300,10,1.0
adam,280,300,12,1.0
adam,280,300,14,1.0
adam,280,400,2,1.0
adam,280,400,4,1.0
adam,280,400,6,1.0
adam,280,400,8,1.0
adam,280,400,10,1.0
adam,280,400,12,1.0
adam,280,400,14,1.0
adam,280,500,2,1.0
adam,280,500,4,1.0
adam,280,500,6,1.0
adam,280,500,8,1.0
adam,280,500,10,1.0
adam,280,500,12,1.0
adam,280,500,14,1.0
adam,280,600,2,1.0
adam,280,600,4,1.0
adam,280,600,6,1.0
adam,280,600,8,1.0
adam,280,600,10,1.0
adam,280,600,12,1.0
adam,280,600,14,1.0
adam,280,700,2,1.0
adam,280,700,4,1.0
adam,280,700,6,1.0
adam,280,700,8,1.0
adam,280,700,10,1.0
adam,280,700,12,1.0
adam,280,700,14,1.0
adam,280,800,2,0.9924242496490479
adam,280,800,4,0.9924242496490479
adam,280,800,6,1.0
adam,280,800,8,1.0
adam,280,800,10,1.0
adam,280,800,12,1.0
adam,280,800,14,1.0
adam,280,900,2,1.0
adam,280,900,4,1.0
adam,280,900,6,1.0
adam,280,900,8,1.0
adam,280,900,10,1.0
adam,280,900,12,1.0
adam,280,900,14,1.0
adam,290,100,2,1.0
adam,290,100,4,1.0
adam,290,100,6,1.0
adam,290,100,8,1.0
adam,290,100,10,1.0
adam,290,100,12,1.0
adam,290,100,14,1.0
adam,290,200,2,0.9772727489471436
adam,290,200,4,1.0
adam,290,200,6,1.0
adam,290,200,8,1.0
adam,290,200,10,1.0
adam,290,200,12,1.0
adam,290,200,14,1.0
adam,290,300,2,1.0
adam,290,300,4,1.0
adam,290,300,6,1.0
adam,290,300,8,1.0
adam,290,300,10,1.0
adam,290,300,12,1.0
adam,290,300,14,1.0
adam,290,400,2,0.9924242496490479
adam,290,400,4,1.0
adam,290,400,6,1.0
adam,290,400,8,1.0
adam,290,400,10,1.0
adam,290,400,12,1.0
adam,290,400,14,1.0
adam,290,500,2,0.9848484992980957
adam,290,500,4,1.0
adam,290,500,6,1.0
adam,290,500,8,1.0
adam,290,500,10,1.0
adam,290,500,12,1.0
adam,290,500,14,1.0
adam,290,600,2,0.9848484992980957
adam,290,600,4,1.0
adam,290,600,6,1.0
adam,290,600,8,1.0
adam,290,600,10,1.0
adam,290,600,12,1.0
adam,290,600,14,1.0
adam,290,700,2,0.9848484992980957
adam,290,700,4,1.0
adam,290,700,6,1.0
adam,290,700,8,1.0
adam,290,700,10,1.0
adam,290,700,12,1.0
adam,290,700,14,1.0
adam,290,800,2,1.0
adam,290,800,4,1.0
adam,290,800,6,1.0
adam,290,800,8,1.0
adam,290,800,10,1.0
adam,290,800,12,1.0
adam,290,800,14,1.0
adam,290,900,2,0.9924242496490479
adam,290,900,4,1.0
adam,290,900,6,1.0
adam,290,900,8,1.0
adam,290,900,10,1.0
adam,290,900,12,1.0
adam,290,900,14,1.0
adam,300,100,2,1.0
adam,300,100,4,1.0
adam,300,100,6,1.0
adam,300,100,8,1.0
adam,300,100,10,1.0
adam,300,100,12,1.0
adam,300,100,14,1.0
adam,300,200,2,1.0
adam,300,200,4,1.0
adam,300,200,6,1.0
adam,300,200,8,1.0
adam,300,200,10,1.0
adam,300,200,12,1.0
adam,300,200,14,1.0
adam,300,300,2,1.0
adam,300,300,4,1.0
adam,300,300,6,1.0
adam,300,300,8,1.0
adam,300,300,10,1.0
adam,300,300,12,1.0
adam,300,300,14,1.0
adam,300,400,2,1.0
adam,300,400,4,1.0
adam,300,400,6,1.0
adam,300,400,8,1.0
adam,300,400,10,1.0
adam,300,400,12,1.0
adam,300,400,14,1.0
adam,300,500,2,1.0
adam,300,500,4,1.0
adam,300,500,6,1.0
adam,300,500,8,1.0
adam,300,500,10,1.0
adam,300,500,12,1.0
adam,300,500,14,1.0
adam,300,600,2,0.9924242496490479
adam,300,600,4,1.0
adam,300,600,6,1.0
adam,300,600,8,1.0
adam,300,600,10,1.0
adam,300,600,12,1.0
adam,300,600,14,1.0
adam,300,700,2,1.0
adam,300,700,4,1.0
adam,300,700,6,1.0
adam,300,700,8,1.0
adam,300,700,10,1.0
adam,300,700,12,1.0
adam,300,700,14,1.0
adam,300,800,2,0.9848484992980957
adam,300,800,4,1.0
adam,300,800,6,1.0
adam,300,800,8,1.0
adam,300,800,10,1.0
adam,300,800,12,1.0
adam,300,800,14,1.0
adam,300,900,2,0.9924242496490479
adam,300,900,4,1.0
adam,300,900,6,1.0
adam,300,900,8,1.0
adam,300,900,10,1.0
adam,300,900,12,1.0
adam,300,900,14,1.0
adam,310,100,2,0.9924242496490479
adam,310,100,4,1.0
adam,310,100,6,1.0
adam,310,100,8,1.0
adam,310,100,10,1.0
adam,310,100,12,1.0
adam,310,100,14,1.0
adam,310,200,2,0.9924242496490479
adam,310,200,4,1.0
adam,310,200,6,1.0
adam,310,200,8,1.0
adam,310,200,10,1.0
adam,310,200,12,1.0
adam,310,200,14,1.0
adam,310,300,2,1.0
adam,310,300,4,1.0
adam,310,300,6,1.0
adam,310,300,8,1.0
adam,310,300,10,1.0
adam,310,300,12,1.0
adam,310,300,14,1.0
adam,310,400,2,1.0
adam,310,400,4,1.0
adam,310,400,6,1.0
adam,310,400,8,1.0
adam,310,400,10,1.0
adam,310,400,12,1.0
adam,310,400,14,1.0
adam,310,500,2,1.0
adam,310,500,4,1.0
adam,310,500,6,1.0
adam,310,500,8,1.0
adam,310,500,10,1.0
adam,310,500,12,1.0
adam,310,500,14,1.0
adam,310,600,2,0.9924242496490479
adam,310,600,4,1.0
adam,310,600,6,1.0
adam,310,600,8,1.0
adam,310,600,10,1.0
adam,310,600,12,1.0
adam,310,600,14,1.0
adam,310,700,2,1.0
adam,310,700,4,1.0
adam,310,700,6,1.0
adam,310,700,8,1.0
adam,310,700,10,1.0
adam,310,700,12,1.0
adam,310,700,14,1.0
adam,310,800,2,0.9924242496490479
adam,310,800,4,1.0
adam,310,800,6,1.0
adam,310,800,8,1.0
adam,310,800,10,1.0
adam,310,800,12,1.0
adam,310,800,14,1.0
adam,310,900,2,0.9848484992980957
adam,310,900,4,1.0
adam,310,900,6,1.0
adam,310,900,8,1.0
adam,310,900,10,1.0
adam,310,900,12,1.0
adam,310,900,14,1.0
adam,320,100,2,1.0
adam,320,100,4,1.0
adam,320,100,6,1.0
adam,320,100,8,1.0
adam,320,100,10,1.0
adam,320,100,12,1.0
adam,320,100,14,1.0
adam,320,200,2,1.0
adam,320,200,4,1.0
adam,320,200,6,1.0
adam,320,200,8,1.0
adam,320,200,10,1.0
adam,320,200,12,1.0
adam,320,200,14,1.0
adam,320,300,2,1.0
adam,320,300,4,1.0
adam,320,300,6,1.0
adam,320,300,8,1.0
adam,320,300,10,1.0
adam,320,300,12,1.0
adam,320,300,14,1.0
adam,320,400,2,1.0
adam,320,400,4,1.0
adam,320,400,6,1.0
adam,320,400,8,1.0
adam,320,400,10,1.0
adam,320,400,12,1.0
adam,320,400,14,1.0
adam,320,500,2,0.9848484992980957
adam,320,500,4,1.0
adam,320,500,6,1.0
adam,320,500,8,1.0
adam,320,500,10,1.0
adam,320,500,12,1.0
adam,320,500,14,1.0
adam,320,600,2,1.0
adam,320,600,4,1.0
adam,320,600,6,1.0
adam,320,600,8,1.0
adam,320,600,10,1.0
adam,320,600,12,1.0
adam,320,600,14,1.0
adam,320,700,2,1.0
adam,320,700,4,1.0
adam,320,700,6,1.0
adam,320,700,8,1.0
adam,320,700,10,1.0
adam,320,700,12,1.0
adam,320,700,14,1.0
adam,320,800,2,1.0
adam,320,800,4,1.0
adam,320,800,6,1.0
adam,320,800,8,1.0
adam,320,800,10,1.0
adam,320,800,12,1.0
adam,320,800,14,1.0
adam,320,900,2,1.0
adam,320,900,4,1.0
adam,320,900,6,1.0
adam,320,900,8,1.0
adam,320,900,10,1.0
adam,320,900,12,1.0
adam,320,900,14,1.0
adam,330,100,2,1.0
adam,330,100,4,1.0
adam,330,100,6,1.0
adam,330,100,8,1.0
adam,330,100,10,1.0
adam,330,100,12,1.0
adam,330,100,14,1.0
adam,330,200,2,1.0
adam,330,200,4,1.0
adam,330,200,6,1.0
adam,330,200,8,1.0
adam,330,200,10,1.0
adam,330,200,12,1.0
adam,330,200,14,1.0
adam,330,300,2,1.0
adam,330,300,4,1.0
adam,330,300,6,1.0
adam,330,300,8,1.0
adam,330,300,10,1.0
adam,330,300,12,1.0
adam,330,300,14,1.0
adam,330,400,2,0.9924242496490479
adam,330,400,4,1.0
adam,330,400,6,1.0
adam,330,400,8,1.0
adam,330,400,10,1.0
adam,330,400,12,1.0
adam,330,400,14,1.0
adam,330,500,2,0.9848484992980957
adam,330,500,4,1.0
adam,330,500,6,1.0
adam,330,500,8,1.0
adam,330,500,10,1.0
adam,330,500,12,1.0
adam,330,500,14,1.0
adam,330,600,2,0.9924242496490479
adam,330,600,4,1.0
adam,330,600,6,1.0
adam,330,600,8,1.0
adam,330,600,10,1.0
adam,330,600,12,1.0
adam,330,600,14,1.0
adam,330,700,2,0.9924242496490479
adam,330,700,4,1.0
adam,330,700,6,1.0
adam,330,700,8,1.0
adam,330,700,10,1.0
adam,330,700,12,1.0
adam,330,700,14,1.0
adam,330,800,2,1.0
adam,330,800,4,1.0
adam,330,800,6,1.0
adam,330,800,8,1.0
adam,330,800,10,1.0
adam,330,800,12,1.0
adam,330,800,14,1.0
adam,330,900,2,0.9848484992980957
adam,330,900,4,1.0
adam,330,900,6,1.0
adam,330,900,8,1.0
adam,330,900,10,1.0
adam,330,900,12,1.0
adam,330,900,14,1.0
adam,340,100,2,1.0
adam,340,100,4,1.0
adam,340,100,6,1.0
adam,340,100,8,1.0
adam,340,100,10,1.0
adam,340,100,12,1.0
adam,340,100,14,1.0
adam,340,200,2,0.9924242496490479
adam,340,200,4,1.0
adam,340,200,6,1.0
adam,340,200,8,1.0
adam,340,200,10,1.0
adam,340,200,12,1.0
adam,340,200,14,1.0
adam,340,300,2,1.0
adam,340,300,4,1.0
adam,340,300,6,1.0
adam,340,300,8,1.0
adam,340,300,10,1.0
adam,340,300,12,1.0
adam,340,300,14,1.0
adam,340,400,2,1.0
adam,340,400,4,1.0
adam,340,400,6,1.0
adam,340,400,8,1.0
adam,340,400,10,1.0
adam,340,400,12,1.0
adam,340,400,14,1.0
adam,340,500,2,1.0
adam,340,500,4,1.0
adam,340,500,6,1.0
adam,340,500,8,1.0
adam,340,500,10,1.0
adam,340,500,12,1.0
adam,340,500,14,1.0
adam,340,600,2,1.0
adam,340,600,4,1.0
adam,340,600,6,1.0
adam,340,600,8,1.0
adam,340,600,10,1.0
adam,340,600,12,1.0
adam,340,600,14,1.0
adam,340,700,2,0.9924242496490479
adam,340,700,4,1.0
adam,340,700,6,1.0
adam,340,700,8,1.0
adam,340,700,10,1.0
adam,340,700,12,1.0
adam,340,700,14,1.0
adam,340,800,2,1.0
adam,340,800,4,1.0
adam,340,800,6,1.0
adam,340,800,8,1.0
adam,340,800,10,1.0
adam,340,800,12,1.0
adam,340,800,14,1.0
adam,340,900,2,1.0
adam,340,900,4,1.0
adam,340,900,6,1.0
adam,340,900,8,1.0
adam,340,900,10,1.0
adam,340,900,12,1.0
adam,340,900,14,1.0
adam,350,100,2,1.0
adam,350,100,4,1.0
adam,350,100,6,1.0
adam,350,100,8,1.0
adam,350,100,10,1.0
adam,350,100,12,1.0
adam,350,100,14,1.0
adam,350,200,2,1.0
adam,350,200,4,1.0
adam,350,200,6,1.0
adam,350,200,8,1.0
adam,350,200,10,1.0
adam,350,200,12,1.0
adam,350,200,14,1.0
adam,350,300,2,0.9924242496490479
adam,350,300,4,1.0
adam,350,300,6,1.0
adam,350,300,8,1.0
adam,350,300,10,1.0
adam,350,300,12,1.0
adam,350,300,14,1.0
adam,350,400,2,1.0
adam,350,400,4,1.0
adam,350,400,6,1.0
adam,350,400,8,1.0
adam,350,400,10,1.0
adam,350,400,12,1.0
adam,350,400,14,1.0
adam,350,500,2,0.9924242496490479
adam,350,500,4,1.0
adam,350,500,6,1.0
adam,350,500,8,1.0
adam,350,500,10,1.0
adam,350,500,12,1.0
adam,350,500,14,1.0
adam,350,600,2,1.0
adam,350,600,4,1.0
adam,350,600,6,1.0
adam,350,600,8,1.0
adam,350,600,10,1.0
adam,350,600,12,1.0
adam,350,600,14,1.0
adam,350,700,2,1.0
adam,350,700,4,1.0
adam,350,700,6,1.0
adam,350,700,8,1.0
adam,350,700,10,1.0
adam,350,700,12,1.0
adam,350,700,14,1.0
adam,350,800,2,1.0
adam,350,800,4,1.0
adam,350,800,6,1.0
adam,350,800,8,1.0
adam,350,800,10,1.0
adam,350,800,12,1.0
adam,350,800,14,1.0
adam,350,900,2,1.0
adam,350,900,4,1.0
adam,350,900,6,1.0
adam,350,900,8,1.0
adam,350,900,10,1.0
adam,350,900,12,1.0
adam,350,900,14,1.0
adam,360,100,2,1.0
adam,360,100,4,1.0
adam,360,100,6,1.0
adam,360,100,8,1.0
adam,360,100,10,1.0
adam,360,100,12,1.0
adam,360,100,14,1.0
adam,360,200,2,1.0
adam,360,200,4,1.0
adam,360,200,6,1.0
adam,360,200,8,1.0
adam,360,200,10,1.0
adam,360,200,12,1.0
adam,360,200,14,1.0
adam,360,300,2,1.0
adam,360,300,4,1.0
adam,360,300,6,1.0
adam,360,300,8,1.0
adam,360,300,10,1.0
adam,360,300,12,1.0
adam,360,300,14,1.0
adam,360,400,2,1.0
adam,360,400,4,1.0
adam,360,400,6,1.0
adam,360,400,8,1.0
adam,360,400,10,1.0
adam,360,400,12,1.0
adam,360,400,14,1.0
adam,360,500,2,0.9924242496490479
adam,360,500,4,1.0
adam,360,500,6,1.0
adam,360,500,8,1.0
adam,360,500,10,1.0
adam,360,500,12,1.0
adam,360,500,14,1.0
adam,360,600,2,1.0
adam,360,600,4,1.0
adam,360,600,6,1.0
adam,360,600,8,1.0
adam,360,600,10,1.0
adam,360,600,12,1.0
adam,360,600,14,1.0
adam,360,700,2,1.0
adam,360,700,4,1.0
adam,360,700,6,1.0
adam,360,700,8,1.0
adam,360,700,10,1.0
adam,360,700,12,1.0
adam,360,700,14,1.0
adam,360,800,2,1.0
adam,360,800,4,1.0
adam,360,800,6,1.0
adam,360,800,8,1.0
adam,360,800,10,1.0
adam,360,800,12,1.0
adam,360,800,14,1.0
adam,360,900,2,1.0
adam,360,900,4,1.0
adam,360,900,6,1.0
adam,360,900,8,1.0
adam,360,900,10,1.0
adam,360,900,12,1.0
adam,360,900,14,1.0
adam,370,100,2,1.0
adam,370,100,4,1.0
adam,370,100,6,1.0
adam,370,100,8,1.0
adam,370,100,10,1.0
adam,370,100,12,1.0
adam,370,100,14,1.0
adam,370,200,2,1.0
adam,370,200,4,1.0
adam,370,200,6,1.0
adam,370,200,8,1.0
adam,370,200,10,1.0
adam,370,200,12,1.0
adam,370,200,14,1.0
adam,370,300,2,1.0
adam,370,300,4,1.0
adam,370,300,6,1.0
adam,370,300,8,1.0
adam,370,300,10,1.0
adam,370,300,12,1.0
adam,370,300,14,1.0
adam,370,400,2,1.0
adam,370,400,4,1.0
adam,370,400,6,1.0
adam,370,400,8,1.0
adam,370,400,10,1.0
adam,370,400,12,1.0
adam,370,400,14,1.0
adam,370,500,2,1.0
adam,370,500,4,1.0
adam,370,500,6,1.0
adam,370,500,8,1.0
adam,370,500,10,1.0
adam,370,500,12,1.0
adam,370,500,14,1.0
adam,370,600,2,1.0
adam,370,600,4,1.0
adam,370,600,6,1.0
adam,370,600,8,1.0
adam,370,600,10,1.0
adam,370,600,12,1.0
adam,370,600,14,1.0
adam,370,700,2,1.0
adam,370,700,4,1.0
adam,370,700,6,1.0
adam,370,700,8,1.0
adam,370,700,10,1.0
adam,370,700,12,1.0
adam,370,700,14,1.0
adam,370,800,2,1.0
adam,370,800,4,1.0
adam,370,800,6,1.0
adam,370,800,8,1.0
adam,370,800,10,1.0
adam,370,800,12,1.0
adam,370,800,14,1.0
adam,370,900,2,1.0
adam,370,900,4,1.0
adam,370,900,6,1.0
adam,370,900,8,1.0
adam,370,900,10,1.0
adam,370,900,12,1.0
adam,370,900,14,1.0
adam,380,100,2,1.0
adam,380,100,4,1.0
adam,380,100,6,1.0
adam,380,100,8,1.0
adam,380,100,10,1.0
adam,380,100,12,1.0
adam,380,100,14,1.0
adam,380,200,2,1.0
adam,380,200,4,1.0
adam,380,200,6,1.0
adam,380,200,8,1.0
adam,380,200,10,1.0
adam,380,200,12,1.0
adam,380,200,14,1.0
adam,380,300,2,1.0
adam,380,300,4,1.0
adam,380,300,6,1.0
adam,380,300,8,1.0
adam,380,300,10,1.0
adam,380,300,12,1.0
adam,380,300,14,1.0
adam,380,400,2,1.0
adam,380,400,4,1.0
adam,380,400,6,1.0
adam,380,400,8,1.0
adam,380,400,10,1.0
adam,380,400,12,1.0
adam,380,400,14,1.0
adam,380,500,2,1.0
adam,380,500,4,1.0
adam,380,500,6,1.0
adam,380,500,8,1.0
adam,380,500,10,1.0
adam,380,500,12,1.0
adam,380,500,14,1.0
adam,380,600,2,1.0
adam,380,600,4,1.0
adam,380,600,6,1.0
adam,380,600,8,1.0
adam,380,600,10,1.0
adam,380,600,12,1.0
adam,380,600,14,1.0
adam,380,700,2,1.0
adam,380,700,4,1.0
adam,380,700,6,1.0
adam,380,700,8,1.0
adam,380,700,10,1.0
adam,380,700,12,1.0
adam,380,700,14,1.0
adam,380,800,2,1.0
adam,380,800,4,1.0
adam,380,800,6,1.0
adam,380,800,8,1.0
adam,380,800,10,1.0
adam,380,800,12,1.0
adam,380,800,14,1.0
adam,380,900,2,1.0
adam,380,900,4,1.0
adam,380,900,6,1.0
adam,380,900,8,1.0
adam,380,900,10,1.0
adam,380,900,12,1.0
adam,380,900,14,1.0
adam,390,100,2,1.0
adam,390,100,4,1.0
adam,390,100,6,1.0
adam,390,100,8,1.0
adam,390,100,10,1.0
adam,390,100,12,1.0
adam,390,100,14,1.0
adam,390,200,2,1.0
adam,390,200,4,1.0
adam,390,200,6,1.0
adam,390,200,8,1.0
adam,390,200,10,1.0
adam,390,200,12,1.0
adam,390,200,14,1.0
adam,390,300,2,1.0
adam,390,300,4,1.0
adam,390,300,6,1.0
adam,390,300,8,1.0
adam,390,300,10,1.0
adam,390,300,12,1.0
adam,390,300,14,1.0
adam,390,400,2,1.0
adam,390,400,4,1.0
adam,390,400,6,1.0
adam,390,400,8,1.0
adam,390,400,10,1.0
adam,390,400,12,1.0
adam,390,400,14,1.0
adam,390,500,2,1.0
adam,390,500,4,1.0
adam,390,500,6,1.0
adam,390,500,8,1.0
adam,390,500,10,1.0
adam,390,500,12,1.0
adam,390,500,14,1.0
adam,390,600,2,1.0
adam,390,600,4,1.0
adam,390,600,6,1.0
adam,390,600,8,1.0
adam,390,600,10,1.0
adam,390,600,12,1.0
adam,390,600,14,1.0
adam,390,700,2,1.0
adam,390,700,4,1.0
adam,390,700,6,1.0
adam,390,700,8,1.0
adam,390,700,10,1.0
adam,390,700,12,1.0
adam,390,700,14,1.0
adam,390,800,2,1.0
adam,390,800,4,1.0
adam,390,800,6,1.0
adam,390,800,8,1.0
adam,390,800,10,1.0
adam,390,800,12,1.0
adam,390,800,14,1.0
adam,390,900,2,1.0
adam,390,900,4,1.0
adam,390,900,6,1.0
adam,390,900,8,1.0
adam,390,900,10,1.0
adam,390,900,12,1.0
adam,390,900,14,1.0
adam,400,100,2,1.0
adam,400,100,4,1.0
adam,400,100,6,1.0
adam,400,100,8,1.0
adam,400,100,10,1.0
adam,400,100,12,1.0
adam,400,100,14,1.0
adam,400,200,2,1.0
adam,400,200,4,1.0
adam,400,200,6,1.0
adam,400,200,8,1.0
adam,400,200,10,1.0
adam,400,200,12,1.0
adam,400,200,14,1.0
adam,400,300,2,1.0
adam,400,300,4,1.0
adam,400,300,6,1.0
adam,400,300,8,1.0
adam,400,300,10,1.0
adam,400,300,12,1.0
adam,400,300,14,1.0
adam,400,400,2,1.0
adam,400,400,4,1.0
adam,400,400,6,1.0
adam,400,400,8,1.0
adam,400,400,10,1.0
adam,400,400,12,1.0
adam,400,400,14,1.0
adam,400,500,2,0.9924242496490479
adam,400,500,4,1.0
adam,400,500,6,1.0
adam,400,500,8,1.0
adam,400,500,10,1.0
adam,400,500,12,1.0
adam,400,500,14,1.0
adam,400,600,2,1.0
adam,400,600,4,1.0
adam,400,600,6,1.0
adam,400,600,8,1.0
adam,400,600,10,1.0
adam,400,600,12,1.0
adam,400,600,14,1.0
adam,400,700,2,1.0
adam,400,700,4,1.0
adam,400,700,6,1.0
adam,400,700,8,1.0
adam,400,700,10,1.0
adam,400,700,12,1.0
adam,400,700,14,1.0
adam,400,800,2,1.0
adam,400,800,4,1.0
adam,400,800,6,1.0
adam,400,800,8,1.0
adam,400,800,10,1.0
adam,400,800,12,1.0
adam,400,800,14,1.0
adam,400,900,2,1.0
adam,400,900,4,1.0
adam,400,900,6,1.0
adam,400,900,8,1.0
adam,400,900,10,1.0
adam,400,900,12,1.0
adam,400,900,14,1.0
adam,410,100,2,1.0
adam,410,100,4,1.0
adam,410,100,6,1.0
adam,410,100,8,1.0
adam,410,100,10,1.0
adam,410,100,12,1.0
adam,410,100,14,1.0
adam,410,200,2,1.0
adam,410,200,4,1.0
adam,410,200,6,1.0
adam,410,200,8,1.0
adam,410,200,10,1.0
adam,410,200,12,1.0
adam,410,200,14,1.0
adam,410,300,2,1.0
adam,410,300,4,1.0
adam,410,300,6,1.0
adam,410,300,8,1.0
adam,410,300,10,1.0
adam,410,300,12,1.0
adam,410,300,14,1.0
adam,410,400,2,1.0
adam,410,400,4,1.0
adam,410,400,6,1.0
adam,410,400,8,1.0
adam,410,400,10,1.0
adam,410,400,12,1.0
adam,410,400,14,1.0
adam,410,500,2,1.0
adam,410,500,4,1.0
adam,410,500,6,1.0
adam,410,500,8,1.0
adam,410,500,10,1.0
adam,410,500,12,1.0
adam,410,500,14,1.0
adam,410,600,2,1.0
adam,410,600,4,1.0
adam,410,600,6,1.0
adam,410,600,8,1.0
adam,410,600,10,1.0
adam,410,600,12,1.0
adam,410,600,14,1.0
adam,410,700,2,1.0
adam,410,700,4,1.0
adam,410,700,6,1.0
adam,410,700,8,1.0
adam,410,700,10,1.0
adam,410,700,12,1.0
adam,410,700,14,1.0
adam,410,800,2,1.0
adam,410,800,4,1.0
adam,410,800,6,1.0
adam,410,800,8,1.0
adam,410,800,10,1.0
adam,410,800,12,1.0
adam,410,800,14,1.0
adam,410,900,2,1.0
adam,410,900,4,1.0
adam,410,900,6,1.0
adam,410,900,8,1.0
adam,410,900,10,1.0
adam,410,900,12,1.0
adam,410,900,14,1.0
adam,420,100,2,1.0
adam,420,100,4,1.0
adam,420,100,6,1.0
adam,420,100,8,1.0
adam,420,100,10,1.0
adam,420,100,12,1.0
adam,420,100,14,1.0
adam,420,200,2,1.0
adam,420,200,4,1.0
adam,420,200,6,1.0
adam,420,200,8,1.0
adam,420,200,10,1.0
adam,420,200,12,1.0
adam,420,200,14,1.0
adam,420,300,2,1.0
adam,420,300,4,1.0
adam,420,300,6,1.0
adam,420,300,8,1.0
adam,420,300,10,1.0
adam,420,300,12,1.0
adam,420,300,14,1.0
adam,420,400,2,1.0
adam,420,400,4,1.0
adam,420,400,6,1.0
adam,420,400,8,1.0
adam,420,400,10,1.0
adam,420,400,12,1.0
adam,420,400,14,1.0
adam,420,500,2,0.9924242496490479
adam,420,500,4,1.0
adam,420,500,6,1.0
adam,420,500,8,1.0
adam,420,500,10,1.0
adam,420,500,12,1.0
adam,420,500,14,1.0
adam,420,600,2,1.0
adam,420,600,4,1.0
adam,420,600,6,1.0
adam,420,600,8,1.0
adam,420,600,10,1.0
adam,420,600,12,1.0
adam,420,600,14,1.0
adam,420,700,2,1.0
adam,420,700,4,1.0
adam,420,700,6,1.0
adam,420,700,8,1.0
adam,420,700,10,1.0
adam,420,700,12,1.0
adam,420,700,14,1.0
adam,420,800,2,1.0
adam,420,800,4,1.0
adam,420,800,6,1.0
adam,420,800,8,1.0
adam,420,800,10,1.0
adam,420,800,12,1.0
adam,420,800,14,1.0
adam,420,900,2,1.0
adam,420,900,4,1.0
adam,420,900,6,1.0
adam,420,900,8,1.0
adam,420,900,10,1.0
adam,420,900,12,1.0
adam,420,900,14,1.0
adam,430,100,2,1.0
adam,430,100,4,1.0
adam,430,100,6,1.0
adam,430,100,8,1.0
adam,430,100,10,1.0
adam,430,100,12,1.0
adam,430,100,14,1.0
adam,430,200,2,1.0
adam,430,200,4,1.0
adam,430,200,6,1.0
adam,430,200,8,1.0
adam,430,200,10,1.0
adam,430,200,12,1.0
adam,430,200,14,1.0
adam,430,300,2,1.0
adam,430,300,4,1.0
adam,430,300,6,1.0
adam,430,300,8,1.0
adam,430,300,10,1.0
adam,430,300,12,1.0
adam,430,300,14,1.0
adam,430,400,2,0.9848484992980957
adam,430,400,4,1.0
adam,430,400,6,1.0
adam,430,400,8,1.0
adam,430,400,10,1.0
adam,430,400,12,1.0
adam,430,400,14,1.0
adam,430,500,2,1.0
adam,430,500,4,1.0
adam,430,500,6,1.0
adam,430,500,8,1.0
adam,430,500,10,1.0
adam,430,500,12,1.0
adam,430,500,14,1.0
adam,430,600,2,1.0
adam,430,600,4,1.0
adam,430,600,6,1.0
adam,430,600,8,1.0
adam,430,600,10,1.0
adam,430,600,12,1.0
adam,430,600,14,1.0
adam,430,700,2,1.0
adam,430,700,4,1.0
adam,430,700,6,1.0
adam,430,700,8,1.0
adam,430,700,10,1.0
adam,430,700,12,1.0
adam,430,700,14,1.0
adam,430,800,2,1.0
adam,430,800,4,1.0
adam,430,800,6,1.0
adam,430,800,8,1.0
adam,430,800,10,1.0
adam,430,800,12,1.0
adam,430,800,14,1.0
adam,430,900,2,1.0
adam,430,900,4,1.0
adam,430,900,6,1.0
adam,430,900,8,1.0
adam,430,900,10,1.0
adam,430,900,12,1.0
adam,430,900,14,1.0
adam,440,100,2,1.0
adam,440,100,4,1.0
adam,440,100,6,1.0
adam,440,100,8,1.0
adam,440,100,10,1.0
adam,440,100,12,1.0
adam,440,100,14,1.0
adam,440,200,2,1.0
adam,440,200,4,1.0
adam,440,200,6,1.0
adam,440,200,8,1.0
adam,440,200,10,1.0
adam,440,200,12,1.0
adam,440,200,14,1.0
adam,440,300,2,1.0
adam,440,300,4,1.0
adam,440,300,6,1.0
adam,440,300,8,1.0
adam,440,300,10,1.0
adam,440,300,12,1.0
adam,440,300,14,1.0
adam,440,400,2,1.0
adam,440,400,4,1.0
adam,440,400,6,1.0
adam,440,400,8,1.0
adam,440,400,10,1.0
adam,440,400,12,1.0
adam,440,400,14,1.0
adam,440,500,2,1.0
adam,440,500,4,1.0
adam,440,500,6,1.0
adam,440,500,8,1.0
adam,440,500,10,1.0
adam,440,500,12,1.0
adam,440,500,14,1.0
adam,440,600,2,1.0
adam,440,600,4,1.0
adam,440,600,6,1.0
adam,440,600,8,1.0
adam,440,600,10,1.0
adam,440,600,12,1.0
adam,440,600,14,1.0
adam,440,700,2,1.0
adam,440,700,4,1.0
adam,440,700,6,1.0
adam,440,700,8,1.0
adam,440,700,10,1.0
adam,440,700,12,1.0
adam,440,700,14,1.0
adam,440,800,2,1.0
adam,440,800,4,1.0
adam,440,800,6,1.0
adam,440,800,8,1.0
adam,440,800,10,1.0
adam,440,800,12,1.0
adam,440,800,14,1.0
adam,440,900,2,1.0
adam,440,900,4,1.0
adam,440,900,6,1.0
adam,440,900,8,1.0
adam,440,900,10,1.0
adam,440,900,12,1.0
adam,440,900,14,1.0
adam,450,100,2,1.0
adam,450,100,4,1.0
adam,450,100,6,1.0
adam,450,100,8,1.0
adam,450,100,10,1.0
adam,450,100,12,1.0
adam,450,100,14,1.0
adam,450,200,2,1.0
adam,450,200,4,1.0
adam,450,200,6,1.0
adam,450,200,8,1.0
adam,450,200,10,1.0
adam,450,200,12,1.0
adam,450,200,14,1.0
adam,450,300,2,1.0
adam,450,300,4,1.0
adam,450,300,6,1.0
adam,450,300,8,1.0
adam,450,300,10,1.0
adam,450,300,12,1.0
adam,450,300,14,1.0
adam,450,400,2,1.0
adam,450,400,4,1.0
adam,450,400,6,1.0
adam,450,400,8,1.0
adam,450,400,10,1.0
adam,450,400,12,1.0
adam,450,400,14,1.0
adam,450,500,2,1.0
adam,450,500,4,1.0
adam,450,500,6,1.0
adam,450,500,8,1.0
adam,450,500,10,1.0
adam,450,500,12,1.0
adam,450,500,14,1.0
adam,450,600,2,1.0
adam,450,600,4,1.0
adam,450,600,6,1.0
adam,450,600,8,1.0
adam,450,600,10,1.0
adam,450,600,12,1.0
adam,450,600,14,1.0
adam,450,700,2,1.0
adam,450,700,4,1.0
adam,450,700,6,1.0
adam,450,700,8,1.0
adam,450,700,10,1.0
adam,450,700,12,1.0
adam,450,700,14,1.0
adam,450,800,2,1.0
adam,450,800,4,1.0
adam,450,800,6,1.0
adam,450,800,8,1.0
adam,450,800,10,1.0
adam,450,800,12,1.0
adam,450,800,14,1.0
adam,450,900,2,1.0
adam,450,900,4,1.0
adam,450,900,6,1.0
adam,450,900,8,1.0
adam,450,900,10,1.0
adam,450,900,12,1.0
adam,450,900,14,1.0
adam,460,100,2,1.0
adam,460,100,4,1.0
adam,460,100,6,1.0
adam,460,100,8,1.0
adam,460,100,10,1.0
adam,460,100,12,1.0
adam,460,100,14,1.0
adam,460,200,2,1.0
adam,460,200,4,1.0
adam,460,200,6,1.0
adam,460,200,8,1.0
adam,460,200,10,1.0
adam,460,200,12,1.0
adam,460,200,14,1.0
adam,460,300,2,1.0
adam,460,300,4,1.0
adam,460,300,6,1.0
adam,460,300,8,1.0
adam,460,300,10,1.0
adam,460,300,12,1.0
adam,460,300,14,1.0
adam,460,400,2,1.0
adam,460,400,4,1.0
adam,460,400,6,1.0
adam,460,400,8,1.0
adam,460,400,10,1.0
adam,460,400,12,1.0
adam,460,400,14,1.0
adam,460,500,2,1.0
adam,460,500,4,1.0
adam,460,500,6,1.0
adam,460,500,8,1.0
adam,460,500,10,1.0
adam,460,500,12,1.0
adam,460,500,14,1.0
adam,460,600,2,1.0
adam,460,600,4,1.0
adam,460,600,6,1.0
adam,460,600,8,1.0
adam,460,600,10,1.0
adam,460,600,12,1.0
adam,460,600,14,1.0
adam,460,700,2,1.0
adam,460,700,4,1.0
adam,460,700,6,1.0
adam,460,700,8,1.0
adam,460,700,10,1.0
adam,460,700,12,1.0
adam,460,700,14,1.0
adam,460,800,2,1.0
adam,460,800,4,1.0
adam,460,800,6,1.0
adam,460,800,8,1.0
adam,460,800,10,1.0
adam,460,800,12,1.0
adam,460,800,14,1.0
adam,460,900,2,1.0
adam,460,900,4,1.0
adam,460,900,6,1.0
adam,460,900,8,1.0
adam,460,900,10,1.0
adam,460,900,12,1.0
adam,460,900,14,1.0
adam,470,100,2,1.0
adam,470,100,4,1.0
adam,470,100,6,1.0
adam,470,100,8,1.0
adam,470,100,10,1.0
adam,470,100,12,1.0
adam,470,100,14,1.0
adam,470,200,2,1.0
adam,470,200,4,1.0
adam,470,200,6,1.0
adam,470,200,8,1.0
adam,470,200,10,1.0
adam,470,200,12,1.0
adam,470,200,14,1.0
adam,470,300,2,1.0
adam,470,300,4,1.0
adam,470,300,6,1.0
adam,470,300,8,1.0
adam,470,300,10,1.0
adam,470,300,12,1.0
adam,470,300,14,1.0
adam,470,400,2,1.0
adam,470,400,4,1.0
adam,470,400,6,1.0
adam,470,400,8,1.0
adam,470,400,10,1.0
adam,470,400,12,1.0
adam,470,400,14,1.0
adam,470,500,2,1.0
adam,470,500,4,1.0
adam,470,500,6,1.0
adam,470,500,8,1.0
adam,470,500,10,1.0
adam,470,500,12,1.0
adam,470,500,14,1.0
adam,470,600,2,1.0
adam,470,600,4,1.0
adam,470,600,6,1.0
adam,470,600,8,1.0
adam,470,600,10,1.0
adam,470,600,12,1.0
adam,470,600,14,1.0
adam,470,700,2,1.0
adam,470,700,4,1.0
adam,470,700,6,1.0
adam,470,700,8,1.0
adam,470,700,10,1.0
adam,470,700,12,1.0
adam,470,700,14,1.0
adam,470,800,2,1.0
adam,470,800,4,1.0
adam,470,800,6,1.0
adam,470,800,8,1.0
adam,470,800,10,1.0
adam,470,800,12,1.0
adam,470,800,14,1.0
adam,470,900,2,1.0
adam,470,900,4,1.0
adam,470,900,6,1.0
adam,470,900,8,1.0
adam,470,900,10,1.0
adam,470,900,12,1.0
adam,470,900,14,1.0
adam,480,100,2,1.0
adam,480,100,4,1.0
adam,480,100,6,1.0
adam,480,100,8,1.0
adam,480,100,10,1.0
adam,480,100,12,1.0
adam,480,100,14,1.0
adam,480,200,2,0.9848484992980957
adam,480,200,4,1.0
adam,480,200,6,1.0
adam,480,200,8,1.0
adam,480,200,10,1.0
adam,480,200,12,1.0
adam,480,200,14,1.0
adam,480,300,2,1.0
adam,480,300,4,1.0
adam,480,300,6,1.0
adam,480,300,8,1.0
adam,480,300,10,1.0
adam,480,300,12,1.0
adam,480,300,14,1.0
adam,480,400,2,1.0
adam,480,400,4,1.0
adam,480,400,6,1.0
adam,480,400,8,1.0
adam,480,400,10,1.0
adam,480,400,12,1.0
adam,480,400,14,1.0
adam,480,500,2,1.0
adam,480,500,4,1.0
adam,480,500,6,1.0
adam,480,500,8,1.0
adam,480,500,10,1.0
adam,480,500,12,1.0
adam,480,500,14,1.0
adam,480,600,2,1.0
adam,480,600,4,1.0
adam,480,600,6,1.0
adam,480,600,8,1.0
adam,480,600,10,1.0
adam,480,600,12,1.0
adam,480,600,14,1.0
adam,480,700,2,1.0
adam,480,700,4,1.0
adam,480,700,6,1.0
adam,480,700,8,1.0
adam,480,700,10,1.0
adam,480,700,12,1.0
adam,480,700,14,1.0
adam,480,800,2,1.0
adam,480,800,4,1.0
adam,480,800,6,1.0
adam,480,800,8,1.0
adam,480,800,10,1.0
adam,480,800,12,1.0
adam,480,800,14,1.0
adam,480,900,2,1.0
adam,480,900,4,1.0
adam,480,900,6,1.0
adam,480,900,8,1.0
adam,480,900,10,1.0
adam,480,900,12,1.0
adam,480,900,14,1.0
adam,490,100,2,1.0
adam,490,100,4,1.0
adam,490,100,6,1.0
adam,490,100,8,1.0
adam,490,100,10,1.0
adam,490,100,12,1.0
adam,490,100,14,1.0
adam,490,200,2,1.0
adam,490,200,4,1.0
adam,490,200,6,1.0
adam,490,200,8,1.0
adam,490,200,10,1.0
adam,490,200,12,1.0
adam,490,200,14,1.0
adam,490,300,2,1.0
adam,490,300,4,1.0
adam,490,300,6,1.0
adam,490,300,8,1.0
adam,490,300,10,1.0
adam,490,300,12,1.0
adam,490,300,14,1.0
adam,490,400,2,1.0
adam,490,400,4,1.0
adam,490,400,6,1.0
adam,490,400,8,1.0
adam,490,400,10,1.0
adam,490,400,12,1.0
adam,490,400,14,1.0
adam,490,500,2,1.0
adam,490,500,4,1.0
adam,490,500,6,1.0
adam,490,500,8,1.0
adam,490,500,10,1.0
adam,490,500,12,1.0
adam,490,500,14,1.0
adam,490,600,2,1.0
adam,490,600,4,1.0
adam,490,600,6,1.0
adam,490,600,8,1.0
adam,490,600,10,1.0
adam,490,600,12,1.0
adam,490,600,14,1.0
adam,490,700,2,1.0
adam,490,700,4,1.0
adam,490,700,6,1.0
adam,490,700,8,1.0
adam,490,700,10,1.0
adam,490,700,12,1.0
adam,490,700,14,1.0
adam,490,800,2,1.0
adam,490,800,4,1.0
adam,490,800,6,1.0
adam,490,800,8,1.0
adam,490,800,10,1.0
adam,490,800,12,1.0
adam,490,800,14,1.0
adam,490,900,2,1.0
adam,490,900,4,1.0
adam,490,900,6,1.0
adam,490,900,8,1.0
adam,490,900,10,1.0
adam,490,900,12,1.0
adam,490,900,14,1.0
adam,500,100,2,1.0
adam,500,100,4,1.0
adam,500,100,6,1.0
adam,500,100,8,1.0
adam,500,100,10,1.0
adam,500,100,12,1.0
adam,500,100,14,1.0
adam,500,200,2,1.0
adam,500,200,4,1.0
adam,500,200,6,1.0
adam,500,200,8,1.0
adam,500,200,10,1.0
adam,500,200,12,1.0
adam,500,200,14,1.0
adam,500,300,2,1.0
adam,500,300,4,1.0
adam,500,300,6,1.0
adam,500,300,8,1.0
adam,500,300,10,1.0
adam,500,300,12,1.0
adam,500,300,14,1.0
adam,500,400,2,1.0
adam,500,400,4,1.0
adam,500,400,6,1.0
adam,500,400,8,1.0
adam,500,400,10,1.0
adam,500,400,12,1.0
adam,500,400,14,1.0
adam,500,500,2,1.0
adam,500,500,4,1.0
adam,500,500,6,1.0
adam,500,500,8,1.0
adam,500,500,10,1.0
adam,500,500,12,1.0
adam,500,500,14,1.0
adam,500,600,2,1.0
adam,500,600,4,1.0
adam,500,600,6,1.0
adam,500,600,8,1.0
adam,500,600,10,1.0
adam,500,600,12,1.0
adam,500,600,14,1.0
adam,500,700,2,1.0
adam,500,700,4,1.0
adam,500,700,6,1.0
adam,500,700,8,1.0
adam,500,700,10,1.0
adam,500,700,12,1.0
adam,500,700,14,1.0
adam,500,800,2,1.0
adam,500,800,4,1.0
adam,500,800,6,1.0
adam,500,800,8,1.0
adam,500,800,10,1.0
adam,500,800,12,1.0
adam,500,800,14,1.0
adam,500,900,2,1.0
adam,500,900,4,1.0
adam,500,900,6,1.0
adam,500,900,8,1.0
adam,500,900,10,1.0
adam,500,900,12,1.0
adam,500,900,14,1.0
adam,510,100,2,1.0
adam,510,100,4,1.0
adam,510,100,6,1.0
adam,510,100,8,1.0
adam,510,100,10,1.0
adam,510,100,12,1.0
adam,510,100,14,1.0
adam,510,200,2,1.0
adam,510,200,4,1.0
adam,510,200,6,1.0
adam,510,200,8,1.0
adam,510,200,10,1.0
adam,510,200,12,1.0
adam,510,200,14,1.0
adam,510,300,2,1.0
adam,510,300,4,1.0
adam,510,300,6,1.0
adam,510,300,8,1.0
adam,510,300,10,1.0
adam,510,300,12,1.0
adam,510,300,14,1.0
adam,510,400,2,1.0
adam,510,400,4,1.0
adam,510,400,6,1.0
adam,510,400,8,1.0
adam,510,400,10,1.0
adam,510,400,12,1.0
adam,510,400,14,1.0
adam,510,500,2,1.0
adam,510,500,4,1.0
adam,510,500,6,1.0
adam,510,500,8,1.0
adam,510,500,10,1.0
adam,510,500,12,1.0
adam,510,500,14,1.0
adam,510,600,2,1.0
adam,510,600,4,1.0
adam,510,600,6,1.0
adam,510,600,8,1.0
adam,510,600,10,1.0
adam,510,600,12,1.0
adam,510,600,14,1.0
adam,510,700,2,1.0
adam,510,700,4,1.0
adam,510,700,6,1.0
adam,510,700,8,1.0
adam,510,700,10,1.0
adam,510,700,12,1.0
adam,510,700,14,1.0
adam,510,800,2,1.0
adam,510,800,4,1.0
adam,510,800,6,1.0
adam,510,800,8,1.0
adam,510,800,10,1.0
adam,510,800,12,1.0
adam,510,800,14,1.0
adam,510,900,2,1.0
adam,510,900,4,1.0
adam,510,900,6,1.0
adam,510,900,8,1.0
adam,510,900,10,1.0
adam,510,900,12,1.0
adam,510,900,14,1.0
adam,520,100,2,1.0
adam,520,100,4,1.0
adam,520,100,6,1.0
adam,520,100,8,1.0
adam,520,100,10,1.0
adam,520,100,12,1.0
adam,520,100,14,1.0
adam,520,200,2,1.0
adam,520,200,4,1.0
adam,520,200,6,1.0
adam,520,200,8,1.0
adam,520,200,10,1.0
adam,520,200,12,1.0
adam,520,200,14,1.0
adam,520,300,2,1.0
adam,520,300,4,1.0
adam,520,300,6,1.0
adam,520,300,8,1.0
adam,520,300,10,1.0
adam,520,300,12,1.0
adam,520,300,14,1.0
adam,520,400,2,1.0
adam,520,400,4,1.0
adam,520,400,6,1.0
adam,520,400,8,1.0
adam,520,400,10,1.0
adam,520,400,12,1.0
adam,520,400,14,1.0
adam,520,500,2,1.0
adam,520,500,4,1.0
adam,520,500,6,1.0
adam,520,500,8,1.0
adam,520,500,10,1.0
adam,520,500,12,1.0
adam,520,500,14,1.0
adam,520,600,2,1.0
adam,520,600,4,1.0
adam,520,600,6,1.0
adam,520,600,8,1.0
adam,520,600,10,1.0
adam,520,600,12,1.0
adam,520,600,14,1.0
adam,520,700,2,1.0
adam,520,700,4,1.0
adam,520,700,6,1.0
adam,520,700,8,1.0
adam,520,700,10,1.0
adam,520,700,12,1.0
adam,520,700,14,1.0
adam,520,800,2,1.0
adam,520,800,4,1.0
adam,520,800,6,1.0
adam,520,800,8,1.0
adam,520,800,10,1.0
adam,520,800,12,1.0
adam,520,800,14,1.0
adam,520,900,2,1.0
adam,520,900,4,1.0
adam,520,900,6,1.0
adam,520,900,8,1.0
adam,520,900,10,1.0
adam,520,900,12,1.0
adam,520,900,14,1.0
adam,530,100,2,1.0
adam,530,100,4,1.0
adam,530,100,6,1.0
adam,530,100,8,1.0
adam,530,100,10,1.0
adam,530,100,12,1.0
adam,530,100,14,1.0
adam,530,200,2,1.0
adam,530,200,4,1.0
adam,530,200,6,1.0
adam,530,200,8,1.0
adam,530,200,10,1.0
adam,530,200,12,1.0
adam,530,200,14,1.0
adam,530,300,2,1.0
adam,530,300,4,1.0
adam,530,300,6,1.0
adam,530,300,8,1.0
adam,530,300,10,1.0
adam,530,300,12,1.0
adam,530,300,14,1.0
adam,530,400,2,1.0
adam,530,400,4,1.0
adam,530,400,6,1.0
adam,530,400,8,1.0
adam,530,400,10,1.0
adam,530,400,12,1.0
adam,530,400,14,1.0
adam,530,500,2,1.0
adam,530,500,4,1.0
adam,530,500,6,1.0
adam,530,500,8,1.0
adam,530,500,10,1.0
adam,530,500,12,1.0
adam,530,500,14,1.0
adam,530,600,2,1.0
adam,530,600,4,1.0
adam,530,600,6,1.0
adam,530,600,8,1.0
adam,530,600,10,1.0
adam,530,600,12,1.0
adam,530,600,14,1.0
adam,530,700,2,1.0
adam,530,700,4,1.0
adam,530,700,6,1.0
adam,530,700,8,1.0
adam,530,700,10,1.0
adam,530,700,12,1.0
adam,530,700,14,1.0
adam,530,800,2,1.0
adam,530,800,4,1.0
adam,530,800,6,1.0
adam,530,800,8,1.0
adam,530,800,10,1.0
adam,530,800,12,1.0
adam,530,800,14,1.0
adam,530,900,2,1.0
adam,530,900,4,1.0
adam,530,900,6,1.0
adam,530,900,8,1.0
adam,530,900,10,1.0
adam,530,900,12,1.0
adam,530,900,14,1.0
adam,540,100,2,1.0
adam,540,100,4,1.0
adam,540,100,6,1.0
adam,540,100,8,1.0
adam,540,100,10,1.0
adam,540,100,12,1.0
adam,540,100,14,1.0
adam,540,200,2,1.0
adam,540,200,4,1.0
adam,540,200,6,1.0
adam,540,200,8,1.0
adam,540,200,10,1.0
adam,540,200,12,1.0
adam,540,200,14,1.0
adam,540,300,2,1.0
adam,540,300,4,1.0
adam,540,300,6,1.0
adam,540,300,8,1.0
adam,540,300,10,1.0
adam,540,300,12,1.0
adam,540,300,14,1.0
adam,540,400,2,1.0
adam,540,400,4,1.0
adam,540,400,6,1.0
adam,540,400,8,1.0
adam,540,400,10,1.0
adam,540,400,12,1.0
adam,540,400,14,1.0
adam,540,500,2,1.0
adam,540,500,4,1.0
adam,540,500,6,1.0
adam,540,500,8,1.0
adam,540,500,10,1.0
adam,540,500,12,1.0
adam,540,500,14,1.0
adam,540,600,2,1.0
adam,540,600,4,1.0
adam,540,600,6,1.0
adam,540,600,8,1.0
adam,540,600,10,1.0
adam,540,600,12,1.0
adam,540,600,14,1.0
adam,540,700,2,1.0
adam,540,700,4,1.0
adam,540,700,6,1.0
adam,540,700,8,1.0
adam,540,700,10,1.0
adam,540,700,12,1.0
adam,540,700,14,1.0
adam,540,800,2,1.0
adam,540,800,4,1.0
adam,540,800,6,1.0
adam,540,800,8,1.0
adam,540,800,10,1.0
adam,540,800,12,1.0
adam,540,800,14,1.0
adam,540,900,2,1.0
adam,540,900,4,1.0
adam,540,900,6,1.0
adam,540,900,8,1.0
adam,540,900,10,1.0
adam,540,900,12,1.0
adam,540,900,14,1.0
adam,550,100,2,1.0
adam,550,100,4,1.0
adam,550,100,6,1.0
adam,550,100,8,1.0
adam,550,100,10,1.0
adam,550,100,12,1.0
adam,550,100,14,1.0
adam,550,200,2,1.0
adam,550,200,4,1.0
adam,550,200,6,1.0
adam,550,200,8,1.0
adam,550,200,10,1.0
adam,550,200,12,1.0
adam,550,200,14,1.0
adam,550,300,2,1.0
adam,550,300,4,1.0
adam,550,300,6,1.0
adam,550,300,8,1.0
adam,550,300,10,1.0
adam,550,300,12,1.0
adam,550,300,14,1.0
adam,550,400,2,1.0
adam,550,400,4,1.0
adam,550,400,6,1.0
adam,550,400,8,1.0
adam,550,400,10,1.0
adam,550,400,12,1.0
adam,550,400,14,1.0
adam,550,500,2,1.0
adam,550,500,4,1.0
adam,550,500,6,1.0
adam,550,500,8,1.0
adam,550,500,10,1.0
adam,550,500,12,1.0
adam,550,500,14,1.0
adam,550,600,2,1.0
adam,550,600,4,1.0
adam,550,600,6,1.0
adam,550,600,8,1.0
adam,550,600,10,1.0
adam,550,600,12,1.0
adam,550,600,14,1.0
adam,550,700,2,1.0
adam,550,700,4,1.0
adam,550,700,6,1.0
adam,550,700,8,1.0
adam,550,700,10,1.0
adam,550,700,12,1.0
adam,550,700,14,1.0
adam,550,800,2,1.0
adam,550,800,4,1.0
adam,550,800,6,1.0
adam,550,800,8,1.0
adam,550,800,10,1.0
adam,550,800,12,1.0
adam,550,800,14,1.0
adam,550,900,2,1.0
adam,550,900,4,1.0
adam,550,900,6,1.0
adam,550,900,8,1.0
adam,550,900,10,1.0
adam,550,900,12,1.0
adam,550,900,14,1.0
adam,560,100,2,1.0
adam,560,100,4,1.0
adam,560,100,6,1.0
adam,560,100,8,1.0
adam,560,100,10,1.0
adam,560,100,12,1.0
adam,560,100,14,1.0
adam,560,200,2,1.0
adam,560,200,4,1.0
adam,560,200,6,1.0
adam,560,200,8,1.0
adam,560,200,10,1.0
adam,560,200,12,1.0
adam,560,200,14,1.0
adam,560,300,2,1.0
adam,560,300,4,1.0
adam,560,300,6,1.0
adam,560,300,8,1.0
adam,560,300,10,1.0
adam,560,300,12,1.0
adam,560,300,14,1.0
adam,560,400,2,1.0
adam,560,400,4,1.0
adam,560,400,6,1.0
adam,560,400,8,1.0
adam,560,400,10,1.0
adam,560,400,12,1.0
adam,560,400,14,1.0
adam,560,500,2,1.0
adam,560,500,4,1.0
adam,560,500,6,1.0
adam,560,500,8,1.0
adam,560,500,10,1.0
adam,560,500,12,1.0
adam,560,500,14,1.0
adam,560,600,2,1.0
adam,560,600,4,1.0
adam,560,600,6,1.0
adam,560,600,8,1.0
adam,560,600,10,1.0
adam,560,600,12,1.0
adam,560,600,14,1.0
adam,560,700,2,1.0
adam,560,700,4,1.0
adam,560,700,6,1.0
adam,560,700,8,1.0
adam,560,700,10,1.0
adam,560,700,12,1.0
adam,560,700,14,1.0
adam,560,800,2,1.0
adam,560,800,4,1.0
adam,560,800,6,1.0
adam,560,800,8,1.0
adam,560,800,10,1.0
adam,560,800,12,1.0
adam,560,800,14,1.0
adam,560,900,2,1.0
adam,560,900,4,1.0
adam,560,900,6,1.0
adam,560,900,8,1.0
adam,560,900,10,1.0
adam,560,900,12,1.0
adam,560,900,14,1.0
adam,570,100,2,1.0
adam,570,100,4,1.0
adam,570,100,6,1.0
adam,570,100,8,1.0
adam,570,100,10,1.0
adam,570,100,12,1.0
adam,570,100,14,1.0
adam,570,200,2,1.0
adam,570,200,4,1.0
adam,570,200,6,1.0
adam,570,200,8,1.0
adam,570,200,10,1.0
adam,570,200,12,1.0
adam,570,200,14,1.0
adam,570,300,2,1.0
adam,570,300,4,1.0
adam,570,300,6,1.0
adam,570,300,8,1.0
adam,570,300,10,1.0
adam,570,300,12,1.0
adam,570,300,14,1.0
adam,570,400,2,1.0
adam,570,400,4,1.0
adam,570,400,6,1.0
adam,570,400,8,1.0
adam,570,400,10,1.0
adam,570,400,12,1.0
adam,570,400,14,1.0
adam,570,500,2,1.0
adam,570,500,4,1.0
adam,570,500,6,1.0
adam,570,500,8,1.0
adam,570,500,10,1.0
adam,570,500,12,1.0
adam,570,500,14,1.0
adam,570,600,2,1.0
adam,570,600,4,1.0
adam,570,600,6,1.0
adam,570,600,8,1.0
adam,570,600,10,1.0
adam,570,600,12,1.0
adam,570,600,14,1.0
adam,570,700,2,1.0
adam,570,700,4,1.0
adam,570,700,6,1.0
adam,570,700,8,1.0
adam,570,700,10,1.0
adam,570,700,12,1.0
adam,570,700,14,1.0
adam,570,800,2,1.0
adam,570,800,4,1.0
adam,570,800,6,1.0
adam,570,800,8,1.0
adam,570,800,10,1.0
adam,570,800,12,1.0
adam,570,800,14,1.0
adam,570,900,2,1.0
adam,570,900,4,1.0
adam,570,900,6,1.0
adam,570,900,8,1.0
adam,570,900,10,1.0
adam,570,900,12,1.0
adam,570,900,14,1.0
adam,580,100,2,1.0
adam,580,100,4,1.0
adam,580,100,6,1.0
adam,580,100,8,1.0
adam,580,100,10,1.0
adam,580,100,12,1.0
adam,580,100,14,1.0
adam,580,200,2,1.0
adam,580,200,4,1.0
adam,580,200,6,1.0
adam,580,200,8,1.0
adam,580,200,10,1.0
adam,580,200,12,1.0
adam,580,200,14,1.0
adam,580,300,2,1.0
adam,580,300,4,1.0
adam,580,300,6,1.0
adam,580,300,8,1.0
adam,580,300,10,1.0
adam,580,300,12,1.0
adam,580,300,14,1.0
adam,580,400,2,1.0
adam,580,400,4,1.0
adam,580,400,6,1.0
adam,580,400,8,1.0
adam,580,400,10,1.0
adam,580,400,12,1.0
adam,580,400,14,1.0
adam,580,500,2,1.0
adam,580,500,4,1.0
adam,580,500,6,1.0
adam,580,500,8,1.0
adam,580,500,10,1.0
adam,580,500,12,1.0
adam,580,500,14,1.0
adam,580,600,2,1.0
adam,580,600,4,1.0
adam,580,600,6,1.0
adam,580,600,8,1.0
adam,580,600,10,1.0
adam,580,600,12,1.0
adam,580,600,14,1.0
adam,580,700,2,1.0
adam,580,700,4,1.0
adam,580,700,6,1.0
adam,580,700,8,1.0
adam,580,700,10,1.0
adam,580,700,12,1.0
adam,580,700,14,1.0
adam,580,800,2,1.0
adam,580,800,4,1.0
adam,580,800,6,1.0
adam,580,800,8,1.0
adam,580,800,10,1.0
adam,580,800,12,1.0
adam,580,800,14,1.0
adam,580,900,2,1.0
adam,580,900,4,1.0
adam,580,900,6,1.0
adam,580,900,8,1.0
adam,580,900,10,1.0
adam,580,900,12,1.0
adam,580,900,14,1.0
adam,590,100,2,1.0
adam,590,100,4,1.0
adam,590,100,6,1.0
adam,590,100,8,1.0
adam,590,100,10,1.0
adam,590,100,12,1.0
adam,590,100,14,1.0
adam,590,200,2,1.0
adam,590,200,4,1.0
adam,590,200,6,1.0
adam,590,200,8,1.0
adam,590,200,10,1.0
adam,590,200,12,1.0
adam,590,200,14,1.0
adam,590,300,2,1.0
adam,590,300,4,1.0
adam,590,300,6,1.0
adam,590,300,8,1.0
adam,590,300,10,1.0
adam,590,300,12,1.0
adam,590,300,14,1.0
adam,590,400,2,1.0
adam,590,400,4,1.0
adam,590,400,6,1.0
adam,590,400,8,1.0
adam,590,400,10,1.0
adam,590,400,12,1.0
adam,590,400,14,1.0
adam,590,500,2,1.0
adam,590,500,4,1.0
adam,590,500,6,1.0
adam,590,500,8,1.0
adam,590,500,10,1.0
adam,590,500,12,1.0
adam,590,500,14,1.0
adam,590,600,2,1.0
adam,590,600,4,1.0
adam,590,600,6,1.0
adam,590,600,8,1.0
adam,590,600,10,1.0
adam,590,600,12,1.0
adam,590,600,14,1.0
adam,590,700,2,1.0
adam,590,700,4,1.0
adam,590,700,6,1.0
adam,590,700,8,1.0
adam,590,700,10,1.0
adam,590,700,12,1.0
adam,590,700,14,1.0
adam,590,800,2,1.0
adam,590,800,4,1.0
adam,590,800,6,1.0
adam,590,800,8,1.0
adam,590,800,10,1.0
adam,590,800,12,1.0
adam,590,800,14,1.0
adam,590,900,2,1.0
adam,590,900,4,1.0
adam,590,900,6,1.0
adam,590,900,8,1.0
adam,590,900,10,1.0
adam,590,900,12,1.0
adam,590,900,14,1.0
adam,600,100,2,1.0
adam,600,100,4,1.0
adam,600,100,6,1.0
adam,600,100,8,1.0
adam,600,100,10,1.0
adam,600,100,12,1.0
adam,600,100,14,1.0
adam,600,200,2,1.0
adam,600,200,4,1.0
adam,600,200,6,1.0
adam,600,200,8,1.0
adam,600,200,10,1.0
adam,600,200,12,1.0
adam,600,200,14,1.0
adam,600,300,2,1.0
adam,600,300,4,1.0
adam,600,300,6,1.0
adam,600,300,8,1.0
adam,600,300,10,1.0
adam,600,300,12,1.0
adam,600,300,14,1.0
adam,600,400,2,1.0
adam,600,400,4,1.0
adam,600,400,6,1.0
adam,600,400,8,1.0
adam,600,400,10,1.0
adam,600,400,12,1.0
adam,600,400,14,1.0
adam,600,500,2,1.0
adam,600,500,4,1.0
adam,600,500,6,1.0
adam,600,500,8,1.0
adam,600,500,10,1.0
adam,600,500,12,1.0
adam,600,500,14,1.0
adam,600,600,2,1.0
adam,600,600,4,1.0
adam,600,600,6,1.0
adam,600,600,8,1.0
adam,600,600,10,1.0
adam,600,600,12,1.0
adam,600,600,14,1.0
adam,600,700,2,1.0
adam,600,700,4,1.0
adam,600,700,6,1.0
adam,600,700,8,1.0
adam,600,700,10,1.0
adam,600,700,12,1.0
adam,600,700,14,1.0
adam,600,800,2,1.0
adam,600,800,4,1.0
adam,600,800,6,1.0
adam,600,800,8,1.0
adam,600,800,10,1.0
adam,600,800,12,1.0
adam,600,800,14,1.0
adam,600,900,2,1.0
adam,600,900,4,1.0
adam,600,900,6,1.0
adam,600,900,8,1.0
adam,600,900,10,1.0
adam,600,900,12,1.0
adam,600,900,14,1.0
adam,610,100,2,1.0
adam,610,100,4,1.0
adam,610,100,6,1.0
adam,610,100,8,1.0
adam,610,100,10,1.0
adam,610,100,12,1.0
adam,610,100,14,1.0
adam,610,200,2,1.0
adam,610,200,4,1.0
adam,610,200,6,1.0
adam,610,200,8,1.0
adam,610,200,10,1.0
adam,610,200,12,1.0
adam,610,200,14,1.0
adam,610,300,2,1.0
adam,610,300,4,1.0
adam,610,300,6,1.0
adam,610,300,8,1.0
adam,610,300,10,1.0
adam,610,300,12,1.0
adam,610,300,14,1.0
adam,610,400,2,1.0
adam,610,400,4,1.0
adam,610,400,6,1.0
adam,610,400,8,1.0
adam,610,400,10,1.0
adam,610,400,12,1.0
adam,610,400,14,1.0
adam,610,500,2,1.0
adam,610,500,4,1.0
adam,610,500,6,1.0
adam,610,500,8,1.0
adam,610,500,10,1.0
adam,610,500,12,1.0
adam,610,500,14,1.0
adam,610,600,2,1.0
adam,610,600,4,1.0
adam,610,600,6,1.0
adam,610,600,8,1.0
adam,610,600,10,1.0
adam,610,600,12,1.0
adam,610,600,14,1.0
adam,610,700,2,1.0
adam,610,700,4,1.0
adam,610,700,6,1.0
adam,610,700,8,1.0
adam,610,700,10,1.0
adam,610,700,12,1.0
adam,610,700,14,1.0
adam,610,800,2,1.0
adam,610,800,4,1.0
adam,610,800,6,1.0
adam,610,800,8,1.0
adam,610,800,10,1.0
adam,610,800,12,1.0
adam,610,800,14,1.0
adam,610,900,2,1.0
adam,610,900,4,1.0
adam,610,900,6,1.0
adam,610,900,8,1.0
adam,610,900,10,1.0
adam,610,900,12,1.0
adam,610,900,14,1.0
adam,620,100,2,1.0
adam,620,100,4,1.0
adam,620,100,6,1.0
adam,620,100,8,1.0
adam,620,100,10,1.0
adam,620,100,12,1.0
adam,620,100,14,1.0
adam,620,200,2,1.0
adam,620,200,4,1.0
adam,620,200,6,1.0
adam,620,200,8,1.0
adam,620,200,10,1.0
adam,620,200,12,1.0
adam,620,200,14,1.0
adam,620,300,2,1.0
adam,620,300,4,1.0
adam,620,300,6,1.0
adam,620,300,8,1.0
adam,620,300,10,1.0
adam,620,300,12,1.0
adam,620,300,14,1.0
adam,620,400,2,1.0
adam,620,400,4,1.0
adam,620,400,6,1.0
adam,620,400,8,1.0
adam,620,400,10,1.0
adam,620,400,12,1.0
adam,620,400,14,1.0
adam,620,500,2,1.0
adam,620,500,4,1.0
adam,620,500,6,1.0
adam,620,500,8,1.0
adam,620,500,10,1.0
adam,620,500,12,1.0
adam,620,500,14,1.0
adam,620,600,2,1.0
adam,620,600,4,1.0
adam,620,600,6,1.0
adam,620,600,8,1.0
adam,620,600,10,1.0
adam,620,600,12,1.0
adam,620,600,14,1.0
adam,620,700,2,1.0
adam,620,700,4,1.0
adam,620,700,6,1.0
adam,620,700,8,1.0
adam,620,700,10,1.0
adam,620,700,12,1.0
adam,620,700,14,1.0
adam,620,800,2,1.0
adam,620,800,4,1.0
adam,620,800,6,1.0
adam,620,800,8,1.0
adam,620,800,10,1.0
adam,620,800,12,1.0
adam,620,800,14,1.0
adam,620,900,2,1.0
adam,620,900,4,1.0
adam,620,900,6,1.0
adam,620,900,8,1.0
adam,620,900,10,1.0
adam,620,900,12,1.0
adam,620,900,14,1.0
adam,630,100,2,1.0
adam,630,100,4,1.0
adam,630,100,6,1.0
adam,630,100,8,1.0
adam,630,100,10,1.0
adam,630,100,12,1.0
adam,630,100,14,1.0
adam,630,200,2,1.0
adam,630,200,4,1.0
adam,630,200,6,1.0
adam,630,200,8,1.0
adam,630,200,10,1.0
adam,630,200,12,1.0
adam,630,200,14,1.0
adam,630,300,2,1.0
adam,630,300,4,1.0
adam,630,300,6,1.0
adam,630,300,8,1.0
adam,630,300,10,1.0
adam,630,300,12,1.0
adam,630,300,14,1.0
adam,630,400,2,1.0
adam,630,400,4,1.0
adam,630,400,6,1.0
adam,630,400,8,1.0
adam,630,400,10,1.0
adam,630,400,12,1.0
adam,630,400,14,1.0
adam,630,500,2,1.0
adam,630,500,4,1.0
adam,630,500,6,1.0
adam,630,500,8,1.0
adam,630,500,10,1.0
adam,630,500,12,1.0
adam,630,500,14,1.0
adam,630,600,2,1.0
adam,630,600,4,1.0
adam,630,600,6,1.0
adam,630,600,8,1.0
adam,630,600,10,1.0
adam,630,600,12,1.0
adam,630,600,14,1.0
adam,630,700,2,1.0
adam,630,700,4,1.0
adam,630,700,6,1.0
adam,630,700,8,1.0
adam,630,700,10,1.0
adam,630,700,12,1.0
adam,630,700,14,1.0
adam,630,800,2,1.0
adam,630,800,4,1.0
adam,630,800,6,1.0
adam,630,800,8,1.0
adam,630,800,10,1.0
adam,630,800,12,1.0
adam,630,800,14,1.0
adam,630,900,2,1.0
adam,630,900,4,1.0
adam,630,900,6,1.0
adam,630,900,8,1.0
adam,630,900,10,1.0
adam,630,900,12,1.0
adam,630,900,14,1.0
adam,640,100,2,1.0
adam,640,100,4,1.0
adam,640,100,6,1.0
adam,640,100,8,1.0
adam,640,100,10,1.0
adam,640,100,12,1.0
adam,640,100,14,1.0
adam,640,200,2,1.0
adam,640,200,4,1.0
adam,640,200,6,1.0
adam,640,200,8,1.0
adam,640,200,10,1.0
adam,640,200,12,1.0
adam,640,200,14,1.0
adam,640,300,2,1.0
adam,640,300,4,1.0
adam,640,300,6,1.0
adam,640,300,8,1.0
adam,640,300,10,1.0
adam,640,300,12,1.0
adam,640,300,14,1.0
adam,640,400,2,1.0
adam,640,400,4,1.0
adam,640,400,6,1.0
adam,640,400,8,1.0
adam,640,400,10,1.0
adam,640,400,12,1.0
adam,640,400,14,1.0
adam,640,500,2,1.0
adam,640,500,4,1.0
adam,640,500,6,1.0
adam,640,500,8,1.0
adam,640,500,10,1.0
adam,640,500,12,1.0
adam,640,500,14,1.0
adam,640,600,2,1.0
adam,640,600,4,1.0
adam,640,600,6,1.0
adam,640,600,8,1.0
adam,640,600,10,1.0
adam,640,600,12,1.0
adam,640,600,14,1.0
adam,640,700,2,1.0
adam,640,700,4,1.0
adam,640,700,6,1.0
adam,640,700,8,1.0
adam,640,700,10,1.0
adam,640,700,12,1.0
adam,640,700,14,1.0
adam,640,800,2,1.0
adam,640,800,4,1.0
adam,640,800,6,1.0
adam,640,800,8,1.0
adam,640,800,10,1.0
adam,640,800,12,1.0
adam,640,800,14,1.0
adam,640,900,2,1.0
adam,640,900,4,1.0
adam,640,900,6,1.0
adam,640,900,8,1.0
adam,640,900,10,1.0
adam,640,900,12,1.0
adam,640,900,14,1.0
adam,650,100,2,1.0
adam,650,100,4,1.0
adam,650,100,6,1.0
adam,650,100,8,1.0
adam,650,100,10,1.0
adam,650,100,12,1.0
adam,650,100,14,1.0
adam,650,200,2,1.0
adam,650,200,4,1.0
adam,650,200,6,1.0
adam,650,200,8,1.0
adam,650,200,10,1.0
adam,650,200,12,1.0
adam,650,200,14,1.0
adam,650,300,2,1.0
adam,650,300,4,1.0
adam,650,300,6,1.0
adam,650,300,8,1.0
adam,650,300,10,1.0
adam,650,300,12,1.0
adam,650,300,14,1.0
adam,650,400,2,1.0
adam,650,400,4,1.0
adam,650,400,6,1.0
adam,650,400,8,1.0
adam,650,400,10,1.0
adam,650,400,12,1.0
adam,650,400,14,1.0
adam,650,500,2,1.0
adam,650,500,4,1.0
adam,650,500,6,1.0
adam,650,500,8,1.0
adam,650,500,10,1.0
adam,650,500,12,1.0
adam,650,500,14,1.0
adam,650,600,2,1.0
adam,650,600,4,1.0
adam,650,600,6,1.0
adam,650,600,8,1.0
adam,650,600,10,1.0
adam,650,600,12,1.0
adam,650,600,14,1.0
adam,650,700,2,1.0
adam,650,700,4,1.0
adam,650,700,6,1.0
adam,650,700,8,1.0
adam,650,700,10,1.0
adam,650,700,12,1.0
adam,650,700,14,1.0
adam,650,800,2,1.0
adam,650,800,4,1.0
adam,650,800,6,1.0
adam,650,800,8,1.0
adam,650,800,10,1.0
adam,650,800,12,1.0
adam,650,800,14,1.0
adam,650,900,2,1.0
adam,650,900,4,1.0
adam,650,900,6,1.0
adam,650,900,8,1.0
adam,650,900,10,1.0
adam,650,900,12,1.0
adam,650,900,14,1.0
adam,660,100,2,1.0
adam,660,100,4,1.0
adam,660,100,6,1.0
adam,660,100,8,1.0
adam,660,100,10,1.0
adam,660,100,12,1.0
adam,660,100,14,1.0
adam,660,200,2,1.0
adam,660,200,4,1.0
adam,660,200,6,1.0
adam,660,200,8,1.0
adam,660,200,10,1.0
